"GENNME","Active_Ingredients"
"Acebutolol Hydrochloride","Acebutolol"
"Acetaminophen/Codeine Phosphate","Acetaminophen;Codeine"
"Acetazolamide","Acetazolamide"
"Acetic Acid","Acetic Acid"
"Acetic Acid/Hydrocortisone","Acetic Acid;Hydrocortisone"
"Acetylcysteine","Acetylcysteine"
"K Phos, Monobasic/Na Phos, Monobasic","Potassium Phosphate;Phosphate"
"Acyclovir","Acyclovir"
"Albuterol Sulfate","Albuterol"
"Alclometasone Dipropionate","Alclometasone"
"Allopurinol","Allopurinol"
"Alprazolam","Alprazolam"
"Aluminum Chloride","Aluminum"
"Amantadine Hydrochloride","Amantadine"
"Amcinonide","Amcinonide"
"Amikacin Sulfate","Amikacin"
"Amiloride Hydrochloride","Amiloride"
"Amiloride Hydrochloride/Hydrochlorothiazide","Amiloride;Hydrochlorothiazide"
"Amino Acids","Amino Acids"
"Aminocaproic Acid","Aminocaproic Acid"
"Amiodarone Hydrochloride","Amiodarone"
"Amitriptyline Hydrochloride","Amitriptyline"
"Amitriptyline Hydrochloride/Perphenazine","Amitriptyline;Perphenazine"
"Amlodipine Besylate","Amlodipine"
"Ammonium Lactate","Lactate"
"Amoxapine","Amoxapine"
"Amoxicillin","Amoxicillin"
"Amoxicillin/Clavulanate Potassium","Amoxicillin;Clavulanic Acid"
"Amphotericin B","Amphotericin B"
"Ampicillin","Ampicillin"
"Ampicillin Sodium","Ampicillin"
"Antipyrine/Benzocaine","Antipyrine;Benzocaine"
"Apraclonidine Hydrochloride","Apraclonidine"
"Atenolol","Atenolol"
"Atenolol/Chlorthalidone","Atenolol;Chlorthalidone"
"Atropine Sulfate","Atropine"
"Azathioprine","Azathioprine"
"Aztreonam","Aztreonam"
"Bacitracin","Bacitracin"
"Baclofen","Baclofen"
"Benazepril Hydrochloride","Benazepril"
"Benzonatate","Benzonatate"
"Benzoyl Peroxide","Benzoyl Peroxide"
"Benzphetamine Hydrochloride","Benzphetamine"
"Benztropine Mesylate","Benztropine"
"Betamethasone Dipropionate/Clotrimazole","Betamethasone;Clotrimazole"
"Betamethasone Dipropionate","Betamethasone"
"Betamethasone Valerate","Betamethasone Valerate"
"Betamethasone Dipropionate, Augmented","Betamethasone"
"Betaxolol Hydrochloride","Betaxolol"
"Bethanechol Chloride","Bethanechol"
"OnabotulinumtoxinA","Onabotulinumtoxina"
"Bromocriptine Mesylate","Bromocriptine"
"Brompheniramine Mal/DM Hydrobrom/PSE HCl","Brompheniramine;Dextromethorphan;Pseudoephedrine"
"Bumetanide","Bumetanide"
"Bupropion Hydrochloride","Bupropion"
"Buspirone Hydrochloride","Buspirone"
"Acetaminophen/Butalbital","Acetaminophen;Butalbital"
"Acetaminophen/Butalbital/Caffeine","Acetaminophen;Butalbital;Caffeine"
"Aspirin/Butalbital/Caffeine","Acetylsalicylic Acid;Butalbital;Caffeine"
"Butoconazole Nitrate","Butoconazole"
"Butorphanol Tartrate","Butorphanol"
"Calcitriol","Calcitriol"
"Calcium Acetate","Calcium"
"Captopril","Captopril"
"Captopril/Hydrochlorothiazide","Captopril;Hydrochlorothiazide"
"Carbamazepine","Carbamazepine"
"Carbidopa/Levodopa","Carbidopa;Levodopa"
"Carisoprodol","Carisoprodol"
"Levocarnitine","Levocarnitine"
"Carteolol Hydrochloride","Carteolol"
"Cefaclor","Cefaclor"
"Cefadroxil","Cefadroxil"
"Cefazolin Sodium","Cefazolin"
"Cefixime","Cefixime"
"Cefprozil","Cefprozil"
"Cefotaxime Sodium","Cefotaxime"
"Ceftazidime","Ceftazidime"
"Cefpodoxime Proxetil","Cefpodoxime"
"Ceftriaxone Sodium","Ceftriaxone"
"Cefuroxime Axetil","Cefuroxime"
"Cephalexin","Cephalexin"
"Chlorambucil","Chlorambucil"
"Clorazepate Dipotassium","Clorazepate"
"Amitriptyline Hydrochloride/Chlordiazepoxide","Amitriptyline;Chlordiazepoxide"
"Chlordiazepoxide Hydrochloride","Chlordiazepoxide"
"Chlordiazepoxide Hydrochloride/Clidinium Bromide","Chlordiazepoxide;Clidinium"
"Chloroquine Phosphate","Chloroquine"
"Chlorothiazide","Chlorothiazide"
"Chloroxylenol/HC/Pramoxine HCl","Chloroxylenol;Hydrocortisone;Pramoxine"
"Chlorpheniramine Maleate","Chlorpheniramine"
"Chlorpromazine Hydrochloride","Chlorpromazine"
"Chlorthalidone","Chlorthalidone"
"Chlorzoxazone","Chlorzoxazone"
"Cholestyramine","Cholestyramine"
"Cimetidine","Cimetidine"
"Ciprofloxacin Hydrochloride","Ciprofloxacin"
"Clemastine Fumarate","Clemastine"
"Clarithromycin","Clarithromycin"
"Clindamycin Hydrochloride","Clindamycin"
"Clindamycin Palmitate Hydrochloride","Clindamycin Palmitate"
"Clindamycin Phosphate","Clindamycin Phosphate"
"Clobetasol Propionate","Clobetasol"
"Clocortolone Pivalate","Clocortolone"
"Clomiphene Citrate","Clomiphene"
"Clomipramine Hydrochloride","Clomipramine"
"Clonazepam","Clonazepam"
"Clonidine","Clonidine"
"Clonidine Hydrochloride","Clonidine"
"Clotrimazole","Clotrimazole"
"Clozapine","Clozapine"
"Codeine Sulfate","Codeine"
"Colchicine","Colchicine"
"Colestipol Hydrochloride","Colestipol"
"Colistimethate Sodium","Colistimethate"
"Collagenase","Collagenase"
"Corticotropin, Repository","Corticotropin"
"Cortisone Acetate","Cortisone"
"Cosyntropin","Cosyntropin"
"Cromolyn Sodium","Cromolyn"
"Crotamiton","Crotamiton"
"Cyclobenzaprine Hydrochloride","Cyclobenzaprine"
"Cyclopentolate Hydrochloride","Cyclopentolate"
"Cyclopentolate HCl/Phenyleph HCl","Cyclopentolate;Phenylephrine"
"Cyclophosphamide","Cyclophosphamide"
"Cyclosporine","Cyclosporine"
"Cyproheptadine Hydrochloride","Cyproheptadine"
"Danazol","Danazol"
"Dantrolene Sodium","Dantrolene"
"Dapsone","Dapsone"
"Demeclocycline Hydrochloride","Demeclocycline"
"Desipramine Hydrochloride","Desipramine"
"Desmopressin Acetate","Desmopressin"
"Desonide","Desonide"
"Desoximetasone","Desoximetasone"
"Dexamethasone","Dexamethasone"
"Dexamethasone Sodium Phosphate","Dexamethasone"
"Dexchlorpheniramine Maleate","Dexchlorpheniramine"
"Dextroamphetamine Sulfate","Dextroamphetamine"
"Dextrose","Dextrose"
"Dextrose/Sodium Chloride","Dextrose;Sodium"
"Diazepam","Diazepam"
"Diclofenac Sodium","Diclofenac"
"Dicloxacillin Sodium","Dicloxacillin"
"Dicyclomine Hydrochloride","Dicyclomine"
"Diethylpropion Hydrochloride","Diethylpropion"
"Atropine Sulfate/Difenoxin Hydrochloride","Atropine;Difenoxin"
"Diflorasone Diacetate","Diflorasone"
"Diflunisal","Diflunisal"
"Digoxin","Digoxin"
"Dihydroergotamine Mesylate","Dihydroergotamine"
"Diltiazem Hydrochloride","Diltiazem"
"Diphenhydramine Hydrochloride","Diphenhydramine"
"Atropine Sulfate/Diphenoxylate Hydrochloride","Atropine;Diphenoxylate"
"Dipyridamole","Dipyridamole"
"Disopyramide Phosphate","Disopyramide"
"Disulfiram","Disulfiram"
"Doxazosin Mesylate","Doxazosin"
"Doxepin Hydrochloride","Doxepin"
"Doxycycline Hyclate","Doxycycline"
"Dronabinol","Dronabinol"
"Econazole Nitrate","Econazole"
"Enalapril Maleate","Enalaprilat"
"Enalapril Maleate/Hydrochlorothiazide","Enalaprilat;Hydrochlorothiazide"
"Enoxaparin Sodium","Enoxaparin"
"Epinephrine","Epinephrine"
"Epinephrine Hydrochloride","Epinephrine"
"Epoetin Alfa","Epoetin Alfa"
"Ergocalciferol","Ergocalciferol"
"Caffeine/Ergotamine Tartrate","Caffeine;Ergotamine"
"Erythromycin","Erythromycin"
"Erythromycin Stearate","Erythromycin"
"Erythromycin Ethylsuccinate","Erythromycin"
"Estazolam","Estazolam"
"Estradiol","Estradiol"
"Estradiol Cypionate","Estradiol"
"Estradiol Valerate","Estradiol"
"Conjugated Estrogens","Conjugated Estrogens"
"Esterified Estrogens","Estrogen"
"Esterified Estrogens/Methyltestosterone","Estrogen;Testosterone"
"Estropipate","Estrone"
"Ethacrynic Acid","Ethacrynic Acid"
"Ethambutol Hydrochloride","Ethambutol"
"Ethosuximide","Ethosuximide"
"Etodolac","Etodolac"
"Famotidine","Famotidine"
"Felodipine","Felodipine"
"Fenoprofen Calcium","Fenoprofen"
"Fentanyl","Fentanyl"
"Fentanyl Citrate","Fentanyl"
"Filgrastim","Filgrastim"
"Finasteride","Finasteride"
"Flavoxate Hydrochloride","Flavoxate"
"Flecainide Acetate","Flecainide"
"Fluconazole","Fluconazole"
"Flucytosine","Flucytosine"
"Fludrocortisone Acetate","Fludrocortisone"
"Flunisolide","Flunisolide"
"Fluocinolone Acetonide","Fluocinolone"
"Fluocinonide","Fluocinonide"
"Fluorometholone","Fluorometholone"
"Fluorouracil","Fluorouracil"
"Fluoxetine Hydrochloride","Fluoxetine"
"Fluoxymesterone","Fluoxymesterone"
"Fluphenazine Hydrochloride","Fluphenazine"
"Flurandrenolide","Flurandrenolide"
"Flurazepam Hydrochloride","Flurazepam"
"Flurbiprofen","Flurbiprofen"
"Flurbiprofen Sodium","Flurbiprofen"
"Flutamide","Flutamide"
"Fluticasone Propionate","Fluticasone"
"Folic Acid","Folic Acid"
"Formaldehyde","Formaldehyde"
"Fosinopril Sodium","Fosinoprilat"
"Furosemide","Furosemide"
"Gemfibrozil","Gemfibrozil"
"Gentamicin Sulfate","Gentamicin"
"Glipizide","Glipizide"
"Glucagon Hydrochloride","Glucagon"
"Glyburide","Glyburide"
"Glycopyrrolate","Glycopyrrolate"
"Chorionic Gonadotropin","Chorionic Gonadotropin"
"Griseofulvin, Microcrystalline","Griseofulvin"
"Griseofulvin, Ultramicrocrystalline","Griseofulvin"
"Guaifenesin","Guaifenesin"
"Codeine Phosphate/Guaifenesin","Codeine;Guaifenesin"
"Dextromethorphan Hydrobromide/Guaifenesin","Dextromethorphan;Guaifenesin"
"Guanfacine Hydrochloride","Guanfacine"
"Halcinonide","Halcinonide"
"Halobetasol Propionate","Halobetasol"
"Haloperidol","Haloperidol"
"Haloperidol Decanoate","Haloperidol"
"Heparin Sodium","Heparin"
"Hepatitis B Vaccine Recombinant","Hepatitis B Vaccine Recombinant"
"Homatropine Hydrobromide","Homatropine"
"Hydralazine Hydrochloride","Hydralazine"
"Hydrochlorothiazide","Hydrochlorothiazide"
"Chlorpheniramine Polistirex/Hydrocodone Polistirex","Chlorpheniramine;Hydrocodone"
"Acetaminophen/Hydrocodone Bitartrate","Acetaminophen;Hydrocodone"
"Homatropine Methylbromide/Hydrocodone Bitartrate","Homatropine Methylbromide;Hydrocodone"
"Hydrocortisone Acetate/Pramoxine Hydrochloride","Hydrocortisone;Pramoxine"
"Hydrocortisone Valerate","Hydrocortisone Valerate"
"Hydrocortisone","Hydrocortisone"
"Hydrocortisone Butyrate","Hydrocortisone Butyrate"
"Clioquinol/Hydrocortisone","Clioquinol;Hydrocortisone"
"Hydrocortisone Acetate","Hydrocortisone"
"Hydrocortisone Sodium Succinate","Hydrocortisone"
"Hydromorphone Hydrochloride","Hydromorphone"
"Hydroquinone","Hydroquinone"
"Hydroxychloroquine Sulfate","Hydroxychloroquine"
"Hydroxyurea","Hydroxyurea"
"Hydroxyzine Hydrochloride","Hydroxyzine"
"Hydroxyzine Pamoate","Hydroxyzine"
"Hyoscyamine Sulfate","Hyoscyamine"
"Ibuprofen","Ibuprofen"
"Imipramine Hydrochloride","Imipramine"
"Imipramine Pamoate","Imipramine"
"Immune Globulin","Immune Globulin"
"Indapamide","Indapamide"
"Indomethacin","Indomethacin"
"Iodine/Potassium Iodide","Iodine;Potassium Iodide"
"Iohexol","Iohexol"
"Ipratropium Bromide","Ipratropium"
"APAP/Dichloralphenazone/Isometheptene Mucate","Acetaminophen;Dichloralphenazone;Isometheptene"
"Isoniazid","Isoniazid"
"Isosorbide Dinitrate","Isosorbide"
"Isosorbide Mononitrate","Isosorbide"
"Isotretinoin","Isotretinoin"
"Isoxsuprine Hydrochloride","Isoxsuprine"
"Isradipine","Isradipine"
"Itraconazole","Itraconazole"
"Ketamine Hydrochloride","Ketamine"
"Ketoconazole","Ketoconazole"
"Ketoprofen","Ketoprofen"
"Ketorolac Tromethamine","Ketorolac"
"Labetalol Hydrochloride","Labetalol"
"Lactic Acid","Lactic Acid"
"Leucovorin Calcium","Leucovorin"
"Levobunolol Hydrochloride","Levobunolol"
"Levorphanol Tartrate","Levorphanol"
"Lidocaine","Lidocaine"
"Lidocaine Hydrochloride","Lidocaine"
"Lidocaine/Prilocaine","Lidocaine;Prilocaine"
"Lindane","Lindane"
"Liothyronine Sodium","Liothyronine"
"Lisinopril","Lisinoprilat"
"Hydrochlorothiazide/Lisinopril","Hydrochlorothiazide;Lisinoprilat"
"Lithium Carbonate","Lithium"
"Loperamide Hydrochloride","Loperamide"
"Loratadine","Loratadine"
"Lorazepam","Lorazepam"
"Lovastatin","Lovastatin"
"Loxapine Succinate","Loxapine"
"Mafenide Acetate","Mafenide"
"Malathion","Malathion"
"Maprotiline Hydrochloride","Maprotiline"
"Mebendazole","Mebendazole"
"Meclizine Hydrochloride","Meclizine"
"Meclofenamate Sodium","Meclofenamate"
"Medroxyprogesterone Acetate","Medroxyprogesterone"
"Mefloquine Hydrochloride","Mefloquine"
"Megestrol Acetate","Megestrol"
"Melphalan","Melphalan"
"Meperidine Hydrochloride","Meperidine"
"Meprobamate","Meprobamate"
"Mercaptopurine","Mercaptopurine"
"Mesalamine","Mesalamine"
"Metaxalone","Metaxalone"
"Methadone Hydrochloride","Methadone"
"Methazolamide","Methazolamide"
"Methenamine Hippurate","Methenamine"
"Methimazole","Methimazole"
"Methocarbamol","Methocarbamol"
"Methotrexate Sodium","Methotrexate"
"Methscopolamine Bromide","Methscopolamine"
"Methyldopa","Methyldopa"
"Methylergonovine Maleate","Methylergonovine"
"Methylphenidate Hydrochloride","Methylphenidate"
"Methylprednisolone","Methylprednisolone"
"Methylprednisolone Acetate","Methylprednisolone"
"Methylprednisolone Sodium Succinate","Methylprednisolone"
"Methyltestosterone","Testosterone"
"Metipranolol","Metipranolol"
"Metoclopramide Hydrochloride","Metoclopramide"
"Metolazone","Metolazone"
"Hydrochlorothiazide/Metoprolol Tartrate","Hydrochlorothiazide;Metoprolol"
"Metoprolol Succinate","Metoprolol"
"Metoprolol Tartrate","Metoprolol"
"Metronidazole","Metronidazole"
"Mexiletine Hydrochloride","Mexiletine"
"Miconazole Nitrate","Miconazole"
"Midazolam Hydrochloride","Midazolam"
"Milrinone Lactate","Milrinone"
"Minocycline Hydrochloride","Minocycline"
"Minoxidil","Minoxidil"
"Misoprostol","Misoprostol"
"Mitomycin","Mitomycin"
"Mometasone Furoate","Mometasone"
"Morphine Sulfate","Morphine"
"Mupirocin","Mupirocin"
"Nabumetone","Nabumetone"
"Nafcillin Sodium","Nafcillin"
"Naftifine Hydrochloride","Naftifine"
"Nadolol","Nadolol"
"Naloxone Hydrochloride","Naloxone"
"Naltrexone Hydrochloride","Naltrexone"
"Naphazoline Hydrochloride","Naphazoline"
"Naphazoline Hydrochloride/Pheniramine Maleate","Naphazoline;Pheniramine"
"Naproxen","Naproxen"
"Naproxen Sodium","Naproxen"
"Natamycin","Natamycin"
"Bacitracin Zinc/Neomycin/Polymyxin B Sulfate","Bacitracin;Neomycin;Polymyxin B"
"Bacitracin Zn/HC/Neomycin Sulf/Polymyxin B Sulf","Bacitracin;Hydrocortisone;Neomycin;Polymyxin B"
"Dexamethasone/Neomycin Sulfate/Polymyxin B Sulfate","Dexamethasone;Neomycin;Polymyxin B"
"HC/Neomycin Sulf/Polymyxin B Sulf","Hydrocortisone;Neomycin;Polymyxin B"
"Neomycin Sulfate/Polymyxin B Sulfate","Neomycin;Polymyxin B"
"Neomycin Sulfate","Neomycin"
"Niacin","Niacin"
"Niacinamide","Niacinamide"
"Nicardipine Hydrochloride","Nicardipine"
"Nicotine","Nicotine"
"Nicotine Polacrilex","Nicotine"
"Nifedipine","Nifedipine"
"Nimodipine","Nimodipine"
"Nitrofurantoin","Nitrofurantoin"
"Nitrofurantoin, Macrocrystals","Nitrofurantoin"
"Nitroglycerin","Nitroglycerin"
"Nizatidine","Nizatidine"
"Norethindrone","Norethindrone"
"Norethindrone Acetate","Norethindrone"
"Norfloxacin","Norfloxacin"
"Nortriptyline Hydrochloride","Nortriptyline"
"Nystatin","Nystatin"
"Nystatin/Triamcinolone Acetonide","Nystatin;Triamcinolone"
"Octreotide Acetate","Octreotide"
"Ofloxacin","Ofloxacin"
"Olsalazine Sodium","Olsalazine"
"Omeprazole","Omeprazole"
"Ondansetron Hydrochloride","Ondansetron"
"Belladonna Alkaloids/Opium Alkaloids","Belladonna Alkaloids;Opium Alkaloids"
"Orphenadrine Citrate","Orphenadrine"
"Oxandrolone","Oxandrolone"
"Oxaprozin","Oxaprozin"
"Oxazepam","Oxazepam"
"Oxiconazole Nitrate","Oxiconazole"
"Oxybutynin Chloride","Oxybutynin"
"Oxycodone Hydrochloride","Oxycodone"
"Acetaminophen/Oxycodone Hydrochloride","Acetaminophen;Oxycodone"
"Paclitaxel","Paclitaxel"
"Paromomycin Sulfate","Paromomycin"
"Paroxetine Hydrochloride","Paroxetine"
"Penbutolol Sulfate","Penbutolol"
"Penicillin G Benzathine","Penicillin G"
"Penicillin V Potassium","Penicillin V"
"Naloxone Hydrochloride/Pentazocine Hydrochloride","Naloxone;Pentazocine"
"Pentoxifylline","Pentoxifylline"
"Permethrin","Permethrin"
"Perphenazine","Perphenazine"
"Phenazopyridine Hydrochloride","Phenazopyridine"
"Phendimetrazine Tartrate","Phendimetrazine"
"Phenelzine Sulfate","Phenelzine"
"Phenobarbital","Phenobarbital"
"Phenoxybenzamine Hydrochloride","Phenoxybenzamine"
"Phentermine Hydrochloride","Phentermine"
"Phenylephrine Hydrochloride","Phenylephrine"
"Phenytoin","Phenytoin"
"Phytonadione","Phytonadione"
"Pilocarpine Hydrochloride","Pilocarpine"
"Pimozide","Pimozide"
"Pindolol","Pindolol"
"Piroxicam","Piroxicam"
"Podofilox","Podofilox"
"Polymyxin B Sulfate","Polymyxin B"
"Citric Acid/Potassium Citrate","Citric Acid;Potassium Citrate"
"Potassium Phosphate, Monobasic","Potassium Phosphate"
"Potassium Chloride","Potassium Chloride"
"Dextrose/Potassium Chloride/Sodium Chloride","Dextrose;Potassium Chloride;Sodium"
"Potassium Iodide","Potassium Iodide"
"Pravastatin Sodium","Pravastatin"
"Praziquantel","Praziquantel"
"Prazosin Hydrochloride","Prazosin"
"Prednisolone","Prednisolone"
"Prednisolone Acetate","Prednisolone"
"Gentamicin Sulfate/Prednisolone Acetate","Gentamicin;Prednisolone"
"Prednisolone Sodium Phosphate","Prednisolone"
"Prednisone","Prednisone"
"Primidone","Primidone"
"Probenecid","Probenecid"
"Colchicine/Probenecid","Colchicine;Probenecid"
"Procarbazine Hydrochloride","Procarbazine"
"Prochlorperazine","Prochlorperazine"
"Progesterone","Progesterone"
"DM Hydrobrom/Promethazine HCl","Dextromethorphan;Promethazine"
"Phenyleph HCl/Promethazine HCl","Phenylephrine;Promethazine"
"Promethazine Hydrochloride","Promethazine"
"Codeine Phosphate/Promethazine Hydrochloride","Codeine;Promethazine"
"Codeine Phos/Phenyleph HCl/Promethazine HCl","Codeine;Phenylephrine;Promethazine"
"Propafenone Hydrochloride","Propafenone"
"Propantheline Bromide","Propantheline"
"Proparacaine Hydrochloride","Proparacaine"
"Propranolol Hydrochloride","Propranolol"
"Hydrochlorothiazide/Propranolol Hydrochloride","Hydrochlorothiazide;Propranolol"
"Propylthiouracil","Propylthiouracil"
"Protriptyline Hydrochloride","Protriptyline"
"Pseudoephedrine Hydrochloride","Pseudoephedrine"
"Chlorpheniramine Mal/PSE HCl","Chlorpheniramine;Pseudoephedrine"
"Pyrazinamide","Pyrazinamide"
"Pyridostigmine Bromide","Pyridostigmine"
"Quinapril Hydrochloride","Quinaprilat"
"Quinidine Gluconate","Quinidine"
"Quinidine Sulfate","Quinidine"
"Ramipril","Ramiprilat"
"Ranitidine Hydrochloride","Ranitidine"
"Rifabutin","Rifabutin"
"Rifampin","Rifampin"
"Salsalate","Salicylate"
"Selegiline Hydrochloride","Selegiline"
"Selenium Sulfide","Selenium Sulfide"
"Sertraline Hydrochloride","Sertraline"
"Silver Sulfadiazine","Silver Sulfadiazine"
"Simvastatin","Simvastatin"
"Sodium Bicarbonate","Sodium"
"Sodium Chloride","Sodium"
"Citric Acid/Sodium Citrate","Citric Acid;Citrate"
"Sodium Fluoride","Fluoride"
"Sodium Phosphate","Phosphate"
"Sodium Polystyrene Sulfonate","Polystyrene Sulfonate"
"Prednisolone Acetate/Sulfacetamide Sodium","Prednisolone;Sulfacetamide"
"Prednisolone Sodium Phosphate/Sulfacetamide Sodium","Prednisolone;Sulfacetamide"
"Sulfacetamide Sodium","Sulfacetamide"
"Sotalol Hydrochloride","Sotalol"
"Spironolactone","Spironolactone"
"Hydrochlorothiazide/Spironolactone","Hydrochlorothiazide;Spironolactone"
"Stannous Fluoride","Stannous Fluoride"
"Succimer","Succimer"
"Sucralfate","Sulfate"
"Ampicillin Sodium/Sulbactam Sodium","Ampicillin;Sulbactam"
"Sulconazole Nitrate","Sulconazole"
"Sulfasalazine","Sulfasalazine"
"Sulfacetamide Sodium/Sulfur","Sulfacetamide;Sulfur"
"Sulindac","Sulindac"
"Sumatriptan Succinate","Sumatriptan"
"Tamoxifen Citrate","Tamoxifen"
"Temazepam","Temazepam"
"Terbinafine Hydrochloride","Terbinafine"
"Terbutaline Sulfate","Terbutaline"
"Terconazole","Terconazole"
"Testosterone","Testosterone"
"Testosterone Cypionate","Testosterone"
"Testosterone Enanthate","Testosterone"
"Tetracycline Hydrochloride","Tetracycline"
"Theophylline","Theophylline"
"Thiamine","Thiamine"
"Thioridazine Hydrochloride","Thioridazine"
"Thiothixene","Thiothixene"
"Thyroid","Thyroid"
"Ticlopidine Hydrochloride","Ticlopidine"
"Timolol Maleate","Timolol"
"Tobramycin","Tobramycin"
"Tobramycin Sulfate","Tobramycin"
"Dexamethasone/Tobramycin","Dexamethasone;Tobramycin"
"Tolmetin Sodium","Tolmetin"
"Tranylcypromine Sulfate","Tranylcypromine"
"Trazodone Hydrochloride","Trazodone"
"Tretinoin","Tretinoin"
"Triamcinolone Acetonide","Triamcinolone"
"Triamterene","Triamterene"
"Hydrochlorothiazide/Triamterene","Hydrochlorothiazide;Triamterene"
"Triazolam","Triazolam"
"Trifluoperazine Hydrochloride","Trifluoperazine"
"Trifluridine","Trifluridine"
"Trihexyphenidyl Hydrochloride","Trihexyphenidyl"
"Trimethobenzamide Hydrochloride","Trimethobenzamide"
"Trimethoprim","Trimethoprim"
"Polymyxin B Sulfate/Trimethoprim Sulfate","Polymyxin B;Trimethoprim"
"Sulfamethoxazole/Trimethoprim","Sulfamethoxazole;Trimethoprim"
"Trimipramine Maleate","Trimipramine"
"Tropicamide","Tropicamide"
"Tuberculin","Tuberculin"
"Urea","Urea"
"Ursodiol","Ursodiol"
"Valproic Acid","Valproic Acid"
"Vancomycin Hydrochloride","Vancomycin"
"Verapamil Hydrochloride","Verapamil"
"Cyanocobalamin","Cyanocobalamin"
"Warfarin Sodium","Warfarin"
"Zinc Sulfate","Zinc"
"Zolpidem Tartrate","Zolpidem"
"Penicillin G Potassium","Penicillin G"
"Interferon Beta-1B","Interferon Beta-1b"
"Piperacillin Sodium/Tazobactam Sodium","Piperacillin;Tazobactam"
"Bisoprolol Fumarate","Bisoprolol"
"Bisoprolol Fumarate/Hydrochlorothiazide","Bisoprolol;Hydrochlorothiazide"
"Lodoxamide Tromethamine","Lodoxamide"
"Haloperidol Lactate","Haloperidol"
"Diclofenac Potassium","Diclofenac"
"Prochlorperazine Maleate","Prochlorperazine"
"Gabapentin","Gabapentin"
"Phenobarbital Sodium","Phenobarbital"
"Dornase Alfa","Dornase Alfa"
"Risperidone","Risperidone"
"Phenytoin Sodium, Extended","Phenytoin"
"Torsemide","Torsemide"
"Venlafaxine Hydrochloride","Venlafaxine"
"Calcipotriene","Calcipotriene"
"Fluvastatin Sodium","Fluvastatin"
"Potassium Bicarbonate/Potassium Citrate","Potassium Bicarbonate;Potassium Citrate"
"Benazepril Hydrochloride/Hydrochlorothiazide","Benazepril;Hydrochlorothiazide"
"Acrivastine/Pseudoephedrine Hydrochloride","Acrivastine;Pseudoephedrine"
"Ergotamine Tartrate","Ergotamine"
"Tacrolimus","Tacrolimus"
"Famciclovir","Famciclovir"
"Hydroxypropyl Cellulose","Hydroxypropyl Cellulose"
"Potassium Bicarbonate/Potassium Chloride","Potassium Bicarbonate;Potassium Chloride"
"Dextrose/Vancomycin Hydrochloride","Dextrose;Vancomycin"
"Doxycycline Calcium","Doxycycline"
"Doxycycline","Doxycycline"
"Bacitracin Zinc/Polymyxin B Sulfate","Bacitracin;Polymyxin B"
"Ferrous Fumarate/Folic Acid","Ferrous;Folic Acid"
"Hydrocortisone/Iodoquinol","Hydrocortisone;Iodoquinol"
"Cyanocobalamin/Folic Acid/Iron Polysaccharide","Cyanocobalamin;Folic Acid;Iron Polysaccharide"
"Potassium Chloride/Sodium Chloride","Potassium Chloride;Sodium"
"Salicylic Acid","Salicylic Acid"
"Acetic Acid/Aluminum Acetate","Acetic Acid;Aluminum"
"Fluorometholone Acetate","Fluorometholone"
"Fluvoxamine Maleate","Fluvoxamine"
"Citric Acid/Gluconolactone/Magnesium Carbonate","Citric Acid;Gluconolactone;Magnesium Carbonate"
"Petrolatum","Petrolatum"
"Cellulose","Cellulose"
"Thymol","Thymol"
"Hypromellose","Hypromellose"
"Nefazodone Hydrochloride","Nefazodone"
"Granisetron Hydrochloride","Granisetron"
"Dehydroepiandrosterone","Dehydroepiandrosterone"
"Estriol","Estriol"
"Sodium Butyrate","Butyrate"
"Silicon Dioxide","Silicon Dioxide"
"Lamotrigine","Lamotrigine"
"Magnesium Hydroxide","Magnesium Hydroxide"
"Acetaminophen","Acetaminophen"
"Lactobacillus Acidophilus","Lactobacillus Acidophilus"
"Aspirin","Acetylsalicylic Acid"
"Bisacodyl","Bisacodyl"
"Calcium Carbonate","Calcium"
"Calcium Carbonate/Vitamin D","Calcium;Vitamin D"
"Calcium Polycarbophil","Calcium Polycarbophil"
"Capsaicin","Capsaicin"
"Carbamide Peroxide","Carbamide Peroxide"
"Chlorhexidine Gluconate","Chlorhexidine"
"Docusate Calcium","Docusate Calcium"
"Docusate Sodium","Docusate"
"Ferrous Gluconate","Ferrous"
"Ferrous Sulfate","Ferrous"
"Ibuprofen/Pseudoephedrine Hydrochloride","Ibuprofen;Pseudoephedrine"
"Insulin Human Isophane (NPH)","Insulin Human Isophane"
"Insulin Human Regular","Insulin Human Regular"
"Insulin Human Isophane (NPH)/Insulin Human Regular","Insulin Human Isophane;Insulin Human Regular"
"Magnesium Oxide","Magnesium Oxide"
"Methylcellulose","Methylcellulose"
"Iron Polysaccharide","Iron Polysaccharide"
"Polyvinyl Alcohol","Polyvinyl Alcohol"
"Quinine Sulfate","Quinine"
"Simethicone","Simethicone"
"Ascorbic Acid","Ascorbic Acid"
"Brompheniramine Mal/Phenyleph HCl","Brompheniramine;Phenylephrine"
"Pyridoxine","Pyridoxine"
"Vitamin D","Vitamin D"
"Cholecalciferol","Cholecalciferol"
"Bismuth Tribromophenate","Bismuth Tribromophenate"
"Terazosin Hydrochloride","Terazosin"
"Interferon Alfa-2B","Interferon Alfa-2b"
"Cadexomer Iodine","Cadexomer Iodine"
"Bacitracin Zinc","Bacitracin Zinc"
"Conjugated Estrogens/Medroxyprogesterone Acetate","Conjugated Estrogens;Medroxyprogesterone"
"Divalproex Sodium","Valproic Acid"
"Beclomethasone Dipropionate Monohydrate","Beclomethasone"
"Ciprofloxacin","Ciprofloxacin"
"Tramadol Hydrochloride","Tramadol"
"HC Ace/Neomycin Sulf/Polymyxin B Sulf","Hydrocortisone;Neomycin;Polymyxin B"
"Metformin Hydrochloride","Metformin"
"Nitrofurantoin Monohydrate/Nitrofurantoin, Macro","Nitrofurantoin"
"Atovaquone","Atovaquone"
"Losartan Potassium","Losartan"
"Hydrochlorothiazide/Losartan Potassium","Hydrochlorothiazide;Losartan"
"Moexipril Hydrochloride","Moexiprilat"
"Dorzolamide Hydrochloride","Dorzolamide"
"Lansoprazole","Lansoprazole"
"Aminobenzoate Potassium","Aminobenzoic Acid"
"Timolol","Timolol"
"Mycophenolate Mofetil","Mycophenolic Acid"
"Amlodipine Besylate/Benazepril Hydrochloride","Amlodipine;Benazepril"
"Alprostadil","Alprostadil"
"Methenamine Mandelate","Methenamine"
"Multimineral/Multivitamin","Multimineral;Multivitamin"
"Valacyclovir Hydrochloride","Acyclovir"
"Alendronate Sodium","Alendronic Acid"
"Rimexolone","Rimexolone"
"Calcitonin (Salmon)","Calcitonin"
"Bicalutamide","Bicalutamide"
"Barrier Skin Protectant","Skin Protectant"
"Lamivudine","Lamivudine"
"Acarbose","Acarbose"
"Lactulose","Lactulose"
"Ciclopirox Olamine","Ciclopirox"
"Melatonin","Melatonin"
"Azelaic Acid","Azelaic Acid"
"Cetirizine Hydrochloride","Cetirizine"
"Ceftibuten","Ceftibuten"
"Riluzole","Riluzole"
"Nisoldipine","Nisoldipine"
"Anastrozole","Anastrozole"
"Somatropin, E-Coli Derived","Somatropin"
"Glimepiride","Glimepiride"
"Mupirocin Calcium","Mupirocin"
"Melatonin/Pyridoxine","Melatonin;Pyridoxine"
"Trandolapril","Trandolapril"
"Gemcitabine Hydrochloride","Gemcitabine"
"Fluocinolone Acetonide/Neomycin Sulfate","Fluocinolone;Neomycin"
"Streptomycin Sulfate","Streptomycin"
"Sodium Phenylbutyrate","Phenylbutyric"
"Adapalene","Adapalene"
"Sennosides A and B","Sennoside A;Sennoside B"
"Potassium Citrate","Citric Acid"
"PEG/K Cl/Na Bicarb/Na Cl/Na Sulf","Polyethylene Glycol;Potassium;Sodium;Sulfate"
"Mirtazapine","Mirtazapine"
"Latanoprost","Latanoprost"
"Insulin Lispro, Recombinant","Insulin Lispro"
"Nevirapine","Nevirapine"
"Cefepime Hydrochloride","Cefepime"
"Chlorpheniramine Mal/DM Hydrobrom","Chlorpheniramine;Dextromethorphan"
"Clobazam","Clobazam"
"Pentosan Polysulfate Sodium","Pentosan Polysulfate"
"Tinidazole","Tinidazole"
"Tetrabenazine","Tetrabenazine"
"Meropenem","Meropenem"
"Brimonidine Tartrate","Brimonidine"
"Zafirlukast","Zafirlukast"
"Olanzapine","Olanzapine"
"Albendazole","Albendazole"
"Midodrine Hydrochloride","Midodrine"
"Acitretin","Acitretin"
"Cabergoline","Cabergoline"
"Triacetin","Glycerol Triacetate"
"Dextromethorphan Polistirex","Dextromethorphan"
"Penciclovir","Penciclovir"
"Donepezil Hydrochloride","Donepezil"
"Trandolapril/Verapamil Hydrochloride","Trandolapril;Verapamil"
"Thioctic Acid","Alpha-Lipoic Acid"
"Phentolamine Mesylate","Phentolamine"
"Levofloxacin","Levofloxacin"
"Topiramate","Topiramate"
"Zileuton","Zileuton"
"Azelastine Hydrochloride","Azelastine"
"Tizanidine Hydrochloride","Tizanidine"
"Atorvastatin Calcium","Atorvastatin"
"Olopatadine Hydrochloride","Olopatadine"
"Fosfomycin Tromethamine","Fosfomycin"
"Nelfinavir Mesylate","Nelfinavir"
"Hydrocortisone Probutate","Hydrocortisone"
"Anagrelide Hydrochloride","Anagrelide"
"Carvedilol","Carvedilol"
"Alpha-1 Proteinase Inhibitor Human","Alpha-1 Proteinase Inhibitor"
"Tazarotene","Tazarotene"
"Calcium Phosphate, Dibasic/Vitamin B Complex","Calcium Phosphate;Vitamin B Complex"
"Pramipexole Dihydrochloride","Pramipexole"
"Carboxymethylcellulose Sodium","Carboxymethylcellulose"
"Heparin Sodium/Sodium Chloride","Heparin;Sodium"
"Tamsulosin Hydrochloride","Tamsulosin"
"Letrozole","Letrozole"
"Hydrochlorothiazide/Moexipril Hydrochloride","Hydrochlorothiazide;Moexiprilat"
"Sumatriptan","Sumatriptan"
"Hydrocodone Bitartrate/Ibuprofen","Hydrocodone;Ibuprofen"
"Ropinirole Hydrochloride","Ropinirole"
"Lamivudine/Zidovudine","Lamivudine;Zidovudine"
"Quetiapine Fumarate","Quetiapine"
"Irbesartan","Irbesartan"
"Dolasetron Mesylate","Dolasetron"
"Scopolamine","Scopolamine"
"Rituximab","Rituximab"
"Salmeterol Xinafoate","Salmeterol"
"Toremifene Citrate","Toremifene"
"Raloxifene Hydrochloride","Raloxifene"
"Fexofenadine HCl/PSE HCl","Fexofenadine;Pseudoephedrine"
"Camphor/Menthol","Camphor;Menthol"
"Zolmitriptan","Zolmitriptan"
"Tiagabine Hydrochloride","Tiagabine"
"Becaplermin","Becaplermin"
"Tolcapone","Tolcapone"
"Clopidogrel Hydrogen Sulfate","Clopidogrel"
"Naratriptan Hydrochloride","Naratriptan"
"Montelukast Sodium","Montelukast"
"Ca Cl/K Cl/Na Cl/Na Lact","Calcium;Potassium;Sodium;Lactate"
"Gramicidin/Neomycin Sulfate/Polymyxin B Sulfate","Gramicidin;Neomycin;Polymyxin B"
"Paregoric","Morphine"
"Potassium Nitrate/Silver Nitrate","Potassium;Silver"
"Atropine Sulf/Hyoscyamine Sulf/PHENobarbital/Scop","Atropine;Hyoscyamine;Phenobarbital;Scopolamine"
"K Phos/Na Phos, Dibasic/Na Phos, Monobasic","Potassium Phosphate;Phosphate"
"APAP/Butalbital/Caff/Codeine Phos","Acetaminophen;Butalbital;Caffeine;Codeine"
"Aspirin/Butalbital/Caffeine/Codeine Phosphate","Acetylsalicylic Acid;Butalbital;Caffeine;Codeine"
"Repaglinide","Repaglinide"
"Diphtheria Toxoid, Adsorbed/Tetanus Toxoid","Diphtheria Toxoid;Tetanus Toxoid"
"Tetanus Toxoid","Tetanus Toxoid"
"Vit C/Biotin/Ca Pantothenate/Vit B12/Folic Acid/Vi","Vitamin C;Biotin;Calcium Pantothenate;Vitamin B12;Folic Acid"
"Vit C/Biotin/Ca Pantothenate/Vit B12/DSS/Folic Aci","Vitamin C;Biotin;Calcium Pantothenate;Vitamin B12;Docusate;Folic Acid"
"Typhoid Vi Polysaccharide Vaccine","Typhoid Vi Polysaccharide"
"Hepatitis A Vaccine, Inactivated","Hepatitis A Vaccine"
"Vit C/Vit B12/Ferrous Fum/Folic Acid/IF","Vitamin C;Vitamin B12;Ferrous;Folic Acid;Intrinsic Factor"
"Colistin Sulf/HC Ace/Neomycin Sulf/Thonzonium Brom","Colistin;Hydrocortisone;Neomycin;Thonzonium"
"Hydrochlorothiazide/Valsartan","Hydrochlorothiazide;Valsartan"
"Ethyl Chloride","Ethyl Chloride"
"Prenatal Vitamins","Vitamins"
"Tolterodine Tartrate","Tolterodine"
"Loteprednol Etabonate","Loteprednol"
"Sildenafil Citrate","Sildenafil"
"Fenofibrate","Fenofibrate"
"Vit C/Vit B12/Ferrous Fum/Folic Acid","Vitamin C;Vitamin B12;Ferrous;Folic Acid"
"Soybean Oil","Soybean Oil"
"Brinzolamide","Brinzolamide"
"Dorzolamide Hydrochloride/Timolol Maleate","Dorzolamide;Timolol"
"Capecitabine","Capecitabine"
"Ciprofloxacin Hydrochloride/Hydrocortisone","Ciprofloxacin;Hydrocortisone"
"Citric Acid/Potassium Citrate/Sodium Citrate","Citric Acid;Potassium Citrate;Citrate"
"Dalteparin Sodium","Dalteparin"
"Rizatriptan Benzoate","Rizatriptan"
"Cefdinir","Cefdinir"
"Cyanocobalamin/Folic Acid/Pyridoxine","Cyanocobalamin;Folic Acid;Pyridoxine"
"Citalopram Hydrobromide","Citalopram"
"Diclofenac Sodium/Misoprostol","Diclofenac;Misoprostol"
"Risedronate Sodium","Risedronate"
"Haemophilus B Conjugate Vaccine","Haemophilus B Conjugate Vaccine"
"Leflunomide","Leflunomide"
"Infliximab","Infliximab"
"Estradiol/Norethindrone Acetate","Estradiol;Norethindrone"
"Candesartan Cilexetil","Candesartan"
"Aluminum Hydroxide/Magnesium Hydroxide/Simethicone","Aluminum;Magnesium Hydroxide;Simethicone"
"Prednicarbate","Prednicarbate"
"Budesonide","Budesonide"
"Etanercept","Etanercept"
"Rifapentine","Rifapentine"
"Telmisartan","Telmisartan"
"Abacavir Sulfate","Abacavir"
"Celecoxib","Celecoxib"
"Miglitol","Miglitol"
"Docusate Sodium/Senna","Docusate;Senna"
"Vit C/Vit B12/Folic Acid/Fe Pentacarbonyl","Vitamin C;Vitamin B12;Folic Acid;Iron"
"Modafinil","Modafinil"
"Imiquimod","Imiquimod"
"Cilostazol","Cilostazol"
"Meningococcal Polysaccharide Vaccine","Meningococcal Polysaccharide Vaccine"
"Hydrochlorothiazide/Irbesartan","Hydrochlorothiazide;Irbesartan"
"Orlistat","Orlistat"
"Sodium Ferric Gluconate Complex","Iron"
"Levalbuterol Hydrochloride","Levalbuterol"
"Conjugated Estrogens Synthetic A","Estrone;Equilin;17α-Dihydroequilin"
"Ondansetron","Ondansetron"
"Rosiglitazone Maleate","Rosiglitazone"
"Perindopril Erbumine","Perindopril"
"Pioglitazone Hydrochloride","Pioglitazone"
"Ketotifen Fumarate","Ketotifen"
"Ivermectin","Ivermectin"
"Rabeprazole Sodium","Rabeprazole"
"Temozolomide","Temozolomide"
"Zaleplon","Zaleplon"
"Eprosartan Mesylate","Eprosartan"
"Sirolimus","Sirolimus"
"Oseltamivir Phosphate","Oseltamivir"
"Entacapone","Entacapone"
"Leuprolide Acetate","Leuprolide"
"Glyburide, Micronized","Glyburide"
"Carbidopa","Carbidopa"
"Moxifloxacin Hydrochloride","Moxifloxacin"
"Exemestane","Exemestane"
"Insulin Lispro Protamine/Insulin Lispro","Insulin Lispro;Insulin Lispro"
"Bexarotene","Bexarotene"
"Oxcarbazepine","Oxcarbazepine"
"Ethinyl Estradiol/Norethindrone Acetate","Ethinyl Estradiol;Norethindrone"
"Thyrotropin Alfa","Thyrotropin Alfa"
"Trimethoprim Hydrochloride","Trimethoprim"
"Vit C/Ca Pantothenate/Cu/Vit B12/Folic Acid/Fe/Mg","Ascorbic Acid;Pantothenic Acid;Copper;Cyanocobalamin;Folic Acid;Iron;Magnesium"
"Vit C/Biotin/Ca Pantothenate/Vit B12/Folic Acid/Ni","Ascorbic Acid;Biotin;Pantothenic Acid;Cyanocobalamin;Folic Acid;Niacin"
"Alosetron Hydrochloride","Alosetron"
"Nedocromil Sodium","Nedocromil"
"Ciclopirox","Ciclopirox"
"Aspirin/Dipyridamole","Acetylsalicylic Acid;Dipyridamole"
"Fexofenadine Hydrochloride","Fexofenadine"
"Levetiracetam","Levetiracetam"
"Cevimeline Hydrochloride","Cevimeline"
"Pantoprazole Sodium","Pantoprazole"
"Hydrochlorothiazide/Quinapril Hydrochloride","Hydrochlorothiazide;Quinaprilat"
"Fosinopril Sodium/Hydrochlorothiazide","Fosinoprilat;Hydrochlorothiazide"
"Meloxicam","Meloxicam"
"Linezolid","Linezolid"
"Rivastigmine Tartrate","Rivastigmine"
"Atovaquone/Proguanil Hydrochloride","Atovaquone;Proguanil"
"Docusate Sodium/Sennosides A and B","Docusate;Sennosides"
"Eflornithine Hydrochloride","Eflornithine"
"Glyburide/Metformin Hydrochloride","Glyburide;Metformin"
"Unoprostone Isopropyl","Unoprostone"
"Zonisamide","Zonisamide"
"Sevelamer Hydrochloride","Sevelamer"
"Colesevelam Hydrochloride","Colesevelam"
"Guaifenesin/Pseudoephedrine Hydrochloride","Guaifenesin;Pseudoephedrine"
"Candesartan Cilexetil/Hydrochlorothiazide","Candesartan;Hydrochlorothiazide"
"Psyllium","Psyllium"
"Iron","Iron"
"Magnesium Citrate","Magnesium"
"Vit C/Biotin/Ca/Ca Pantothenate/Cu/Vit B12/Folic A","Ascorbic Acid;Biotin;Calcium;Pantothenic Acid;Copper;Cyanocobalamin;Folic Acid"
"Na Phos, Dibasic/Na Phos, Monobasic","Phosphate"
"Isopropyl Alcohol","Isopropyl Alcohol"
"Balsalazide Disodium","Balsalazide"
"Phosphorus/Potassium/Sodium","Phosphorus;Potassium;Sodium"
"Vit C/Biotin/Ca Pantothenate/Cr/Vit B12/Iodine/Fe/","Ascorbic Acid;Biotin;Pantothenic Acid;Chromium;Cyanocobalamin;Iodine;Iron"
"Calcium/Vitamin D","Calcium;Vitamin D"
"Fish Oil/Vitamin E","Omega-3 Fatty Acids;Vitamin E"
"Hydrochlorothiazide/Telmisartan","Hydrochlorothiazide;Telmisartan"
"Nateglinide","Nateglinide"
"RimabotulinumtoxinB","Rimabotulinumtoxinb"
"Benzoyl Peroxide/Clindamycin Phosphate","Benzoyl Peroxide;Clindamycin"
"Esomeprazole Magnesium","Esomeprazole"
"Ziprasidone Hydrochloride","Ziprasidone"
"Nilutamide","Nilutamide"
"Travoprost","Travoprost"
"Fluticasone Propionate/Salmeterol Xinafoate","Fluticasone;Salmeterol"
"Bimatoprost","Bimatoprost"
"Galantamine Hydrobromide","Galantamine"
"Insulin Glargine, Recombinant","Insulin"
"Loratadine/Pseudoephedrine Sulfate","Loratadine;Pseudoephedrine"
"Formoterol Fumarate","Formoterol"
"Methylcobalamin","Methylvitamin B12"
"Multivitamin and Minerals","Multivitamins;Minerals"
"Iron Sucrose","Iron"
"Ribavirin","Ribavirin"
"Valganciclovir Hydrochloride","Ganciclovir"
"Cilastatin Sodium/Imipenem","Cilastatin;Imipenem"
"Hep A Vac, Inactivated/Hep B Vac Recombinant","Hepatitis A Vaccine;Hepatitis B Vaccine"
"Measles Virus Vaccine, Live/Mumps Virus Vaccine, L","Measles Virus Vaccine;Mumps Virus Vaccine"
"Potassium Bicarbonate","Potassium"
"Albuterol Sulfate/Ipratropium Bromide","Albuterol;Ipratropium"
"Hylan Polymers A and B","Hylan A;Hylan B"
"Almotriptan Malate","Almotriptan"
"Carboplatin","Carboplatin"
"Bacillus of Calmette and Guerin Vaccine, Live","Bacillus Calmette-Guerin Vaccine"
"Valsartan","Valsartan"
"Cetirizine HCl/PSE HCl","Cetirizine;Pseudoephedrine"
"Insulin Aspart, Recombinant","Insulin Aspart"
"Alteplase, Recombinant","Alteplase"
"Menthol/Zinc Oxide","Menthol;Zinc Oxide"
"Acetaminophen/Tramadol Hydrochloride","Acetaminophen;Tramadol"
"Darbepoetin Alfa","Darbepoetin Alfa"
"Tenofovir Disoproxil Fumarate","Tenofovir"
"Fluphenazine Decanoate","Fluphenazine"
"Vit C/Biotin/Vit B12/Dexpanthenol/Folic Acid/Niaci","Vitamin C;Biotin;Vitamin B12;Dexpanthenol;Folic Acid;Niacin"
"Dexmethylphenidate Hydrochloride","Dexmethylphenidate"
"Multivitamin and Nutriceuticals","Multivitamins"
"Bosentan","Bosentan"
"Castor Oil/Peru Balsam/Trypsin","Castor Oil;Peru Balsam;Trypsin"
"Amphetamine Salt Combination","Amphetamine;Dextroamphetamine"
"Desloratadine","Desloratadine"
"Triptorelin Pamoate","Triptorelin"
"Benzoyl Peroxide/Erythromycin","Benzoyl Peroxide;Erythromycin"
"Pimecrolimus","Pimecrolimus"
"Fondaparinux Sodium","Fondaparinux"
"Poliovirus Vaccine, Inactivated","Poliovirus Vaccine"
"Ertapenem Sodium","Ertapenem"
"Efavirenz","Efavirenz"
"Fluocinolone Acetonide/Hydroquinone/Tretinoin","Fluocinolone;Hydroquinone;Tretinoin"
"Pegfilgrastim","Pegfilgrastim"
"Interferon Beta-1A","Interferon Beta-1a"
"Olmesartan Medoxomil","Olmesartan"
"Frovatriptan Succinate","Frovatriptan"
"Mesna","Mesna"
"Fenofibrate, Micronized","Fenofibrate"
"Voriconazole","Voriconazole"
"Escitalopram Oxalate","Escitalopram"
"Ziprasidone Mesylate","Ziprasidone"
"Lovastatin/Niacin","Lovastatin;Niacin"
"Sodium Oxybate","Oxybate"
"Folic Acid/Iron","Folic Acid;Iron"
"Insulin Aspart Protamine/Insulin Aspart","Insulin Aspart"
"Adefovir Dipivoxil","Adefovir"
"Hyoscyamine Sulf/Methenamine/Methylene Blue/Phenyl","Hyoscyamine;Methenamine;Methylene Blue;Phenyl Salicylate"
"Dutasteride","Dutasteride"
"Glipizide/Metformin Hydrochloride","Glipizide;Metformin"
"Gelatin Sponge","Gelatin"
"Hyaluronate Sodium","Hyaluronic Acid"
"Ezetimibe","Ezetimibe"
"Aripiprazole","Aripiprazole"
"Atomoxetine Hydrochloride","Atomoxetine"
"Nicotine;Nicotine;Nicotine","Nicotine"
"Teriparatide","Teriparatide"
"Ciprofloxacin/Ciprofloxacin Hydrochloride","Ciprofloxacin"
"Cu Sulf/Vit B12/Ferrous Fum/Folic Acid/Mg Sulf/Man","Copper;Vitamin B12;Iron;Folic Acid;Magnesium;Manganese"
"Adalimumab","Adalimumab"
"Hydrocortisone Acetate/Lidocaine Hydrochloride","Hydrocortisone;Lidocaine"
"Progesterone, Micronized","Progesterone"
"Testosterone, Micronized","Testosterone"
"Hydrocortisone, Micronized","Hydrocortisone"
"Eletriptan Hydrobromide","Eletriptan"
"Mineral Oil/Petrolatum, White","Mineral Oil;Petrolatum"
"Penicillin G Benzathine/Penicillin G Procaine","Penicillin G"
"Dehydroepiandrosterone, Micronized","Dehydroepiandrosterone"
"Codeine Phos/guaiFENesin/PSE HCl","Codeine;Guaifenesin;Pseudoephedrine"
"Tiotropium Bromide","Tiotropium"
"Thalidomide","Thalidomide"
"Peginterferon Alfa-2A","Interferon Alfa-2a"
"Aprepitant","Aprepitant"
"Aprepitant;Aprepitant","Aprepitant"
"Buprenorphine Hydrochloride","Buprenorphine"
"Zoledronic Acid","Zoledronic Acid"
"Eplerenone","Eplerenone"
"Oxybutynin","Oxybutynin"
"Carbinoxamine Maleate","Carbinoxamine"
"Imatinib Mesylate","Imatinib"
"Omalizumab","Omalizumab"
"Atazanavir Sulfate","Atazanavir"
"Emtricitabine","Emtricitabine"
"PEG-400/Propylene Glycol","Polyethylene Glycol;Propylene Glycol"
"Thyroid Porcine","Thyroid"
"Hydrochlorothiazide/Olmesartan Medoxomil","Hydrochlorothiazide;Olmesartan"
"Nitazoxanide","Nitazoxanide"
"Carbidopa/Entacapone/Levodopa","Carbidopa;Entacapone;Levodopa"
"Palonosetron Hydrochloride","Palonosetron"
"Ciprofloxacin Hydrochloride/Dexamethasone","Ciprofloxacin;Dexamethasone"
"Vardenafil Hydrochloride","Vardenafil"
"Rosuvastatin Calcium","Rosuvastatin"
"Boron/Ca/Vit B12/Folic Acid/Mg/Vit B6/Vit D","Boron;Calcium;Vitamin B12;Folic Acid;Magnesium;Vitamin B6;Vitamin D"
"Diazepam;Lubricant","Diazepam"
"Estradiol Acetate","Estradiol"
"Alfuzosin Hydrochloride","Alfuzosin"
"Daptomycin","Daptomycin"
"Fosamprenavir Calcium","Amprenavir"
"Ascorbic Acid/Iron","Ascorbic Acid;Iron"
"Ethinyl Estradiol/Norgestrel;Placebo","Ethinyl Estradiol;Norgestrel"
"Bifidobacterium Bifidum/Lactobacillus Acidophilus/","Bifidobacterium Bifidum;Lactobacillus Acidophilus"
"Memantine Hydrochloride","Memantine"
"Memantine Hydrochloride;Memantine Hydrochloride","Memantine"
"Epinastine Hydrochloride","Epinastine"
"Tadalafil","Tadalafil"
"Estradiol/Levonorgestrel","Estradiol;Levonorgestrel"
"Fluoxetine Hydrochloride/Olanzapine","Fluoxetine;Olanzapine"
"Paroxetine Mesylate","Paroxetine"
"Sertaconazole Nitrate","Sertaconazole"
"Midazolam","Midazolam"
"Amlodipine Besylate/Atorvastatin Calcium","Amlodipine;Atorvastatin"
"Cyclosporine, Modified","Cyclosporine"
"Ethinyl Estradiol/Ethynodiol Diacetate;Placebo","Ethinyl Estradiol;Ethynodiol"
"Amoxicillin;Clarithromycin;Lansoprazole","Amoxicillin;Clarithromycin;Lansoprazole"
"Sorbitol","Sorbitol"
"Bifidobacterium/Lactobacillus Acidophilus/Lactobac","Bifidobacterium;Lactobacillus Acidophilus;Lactobacillus"
"Cinacalcet Hydrochloride","Cinacalcet"
"Hyaluronic Acid","Hyaluronic Acid"
"Saccharomyces Boulardii","Saccharomyces Boulardii"
"Mycophenolate Sodium","Mycophenolic Acid"
"Beta Glucan","Beta Glucan"
"Telithromycin","Telithromycin"
"Chlorpheniramine Polistirex/Codeine Polistirex","Chlorpheniramine;Codeine"
"Trospium Chloride","Trospium"
"Cyanocobalamin/Folic Acid","Cyanocobalamin;Folic Acid"
"Polyethylene Glycol 3350","Polyethylene Glycol"
"Rifaximin","Rifaximin"
"Doxercalciferol","Doxercalciferol"
"Ezetimibe/Simvastatin","Ezetimibe;Simvastatin"
"Emtricitabine/Tenofovir Disoproxil Fumarate","Emtricitabine;Tenofovir"
"Abacavir Sulfate/Lamivudine","Abacavir;Lamivudine"
"Vit C/Biotin/Vit B12/Folic Acid/Niacinamide/Vit B5","Ascorbic Acid;Biotin;Cyanocobalamin;Folic Acid;Niacinamide;Pantothenic Acid"
"Duloxetine Hydrochloride","Duloxetine"
"Betahistine Hydrochloride","Betahistine"
"Diethylene Glycol Monoethyl Ether","Diethylene Glycol Monoethyl Ether"
"Beclomethasone Dipropionate","Beclomethasone"
"Pramoxine Hydrochloride","Pramoxine"
"Lanthanum Carbonate","Lanthanum"
"Vit C/Biotin/Ca Pantothenate/Folic Acid/Methylcoba","Ascorbic Acid;Biotin;Pantothenic Acid;Folic Acid;Methylvitamin B12"
"Solifenacin Succinate","Solifenacin"
"Eszopiclone","Eszopiclone"
"Darifenacin Hydrobromide","Darifenacin"
"Loteprednol Etabonate/Tobramycin","Loteprednol;Tobramycin"
"Yellow Fever Vaccine","Yellow Fever Virus"
"Omega-3-Acid Ethyl Esters","Eicosapentaenoic Acid;Docosahexaenoic Acid"
"Levalbuterol Tartrate","Levalbuterol"
"Desloratadine/Pseudoephedrine Sulfate","Desloratadine;Pseudoephedrine"
"Entecavir","Entecavir"
"Bromfenac","Bromfenac"
"Ibandronate Sodium","Ibandronate"
"Alendronate Sodium/Cholecalciferol","Alendronate;Cholecalciferol"
"Exenatide","Exenatide"
"Interferon Beta-1a;Interferon Beta-1a","Interferon Beta-1a"
"1,1,1,3,3-Pentafluoropropane/Norflurane","Pentafluoropropane;Norflurane"
"Paricalcitol","Paricalcitol"
"Hydroxocobalamin","Hydroxocobalamin"
"Pregabalin","Pregabalin"
"Tigecycline","Tigecycline"
"Ramelteon","Ramelteon"
"Hydralazine Hydrochloride/Isosorbide Dinitrate","Hydralazine;Isosorbide"
"Nepafenac","Nepafenac"
"Typhoid Vaccine, Live","Salmonella Typhi Ty21a"
"Metformin Hydrochloride/Pioglitazone Hydrochloride","Metformin;Pioglitazone"
"Lidocaine/Tetracaine","Lidocaine;Tetracaine"
"Deferasirox","Deferasirox"
"Azithromycin","Azithromycin"
"Abatacept","Abatacept"
"Lenalidomide","Lenalidomide"
"Insulin Detemir","Insulin"
"Pneumococcal Vaccine Polyvalent","Pneumococcal Polysaccharides"
"Lactobacillus Acidophilus/Lactobacillus Bulgaricus","Lactobacillus Acidophilus;Lactobacillus Bulgaricus"
"Sunitinib Malate","Sunitinib"
"Benzoic Acid/Hyoscyamine Sulf/Methenamine/Methylen","Benzoic Acid;Hyoscyamine;Methenamine;Methylene Blue"
"Ranolazine","Ranolazine"
"Betamethasone Dipropionate/Calcipotriene","Betamethasone;Calcipotriene"
"Flavocoxid","Baicalin;Catechin"
"Miconazole Nitrate/Petrolatum, White/Zinc Oxide","Miconazole;Zinc Oxide"
"Selegiline","Selegiline"
"Omeprazole/Sodium Bicarbonate","Omeprazole;Sodium"
"Naltrexone","Naltrexone"
"Lithium","Lithium"
"Decitabine","Decitabine"
"Alglucosidase Alfa","Alglucosidase Alfa"
"Polyvinyl Alcohol/Povidone","Polyvinyl Alcohol;Povidone"
"Aspirin/Oxycodone Hydrochloride","Acetylsalicylic Acid;Oxycodone"
"Varenicline","Varenicline"
"Rasagiline","Rasagiline"
"Varicella Virus Vaccine","Varicella Zoster Virus Live"
"Varenicline;Varenicline","Varenicline"
"Oxymorphone Hydrochloride","Oxymorphone"
"Cefazolin","Cefazolin"
"Dasatinib","Dasatinib"
"Ranibizumab","Ranibizumab"
"Efavirenz/Emtricitabine/Tenofovir Disoproxil Fum","Efavirenz;Emtricitabine;Tenofovir"
"Micafungin Sodium","Micafungin"
"Budesonide/Formoterol Fumarate","Budesonide;Formoterol"
"Glimepiride/Pioglitazone Hydrochloride","Glimepiride;Pioglitazone"
"Hydrochlorothiazide/Metoprolol Succinate","Hydrochlorothiazide;Metoprolol"
"Ca Ascorbate/Calcium Threonate/Vit B12/Folic Acid/","Calcium;Cyanocobalamin;Folic Acid"
"Ca Ascorbate/Calcium Threonate/Vit B12/Ferrous Fum","Calcium;Cyanocobalamin;Iron"
"Ca Ascorbate/Calcium Threonate/Vit B12/Fe/Stomach,","Calcium;Cyanocobalamin;Iron"
"Ascorbic Acid/Iron/Succinic Acid","Ascorbic Acid;Iron;Succinic Acid"
"Posaconazole","Posaconazole"
"Drospirenone/Estradiol","Drospirenone;Estradiol"
"Vorinostat","Vorinostat"
"Arformoterol Tartrate","Arformoterol"
"Biotin","Biotin"
"Sitagliptin Phosphate","Sitagliptin"
"Polyethylene Glycol 3350/K Cl/Na Cl/Na Sulf;Vit C/","Polyethylene Glycol 3350;Potassium;Sodium;Vitamin C"
"Carvedilol Phosphate","Carvedilol"
"Ciclesonide","Ciclesonide"
"Clindamycin Phosphate/Tretinoin","Clindamycin;Tretinoin"
"Sinecatechins","Sinecatechins"
"Brompheniramine Mal/DM Hydrobrom/Phenyleph HCl","Brompheniramine;Dextromethorphan;Phenylephrine"
"Paliperidone","Paliperidone"
"Lubiprostone","Lubiprostone"
"Ascorbic Acid/Copper/Vitamin A/Vitamin E/Zinc","Ascorbic Acid;Copper;Vitamin A;Vitamin E;Zinc"
"Polyethylene Glycol 3350/K Cl/Na Bicarb/Na Cl","Polyethylene Glycol 3350;Potassium;Sodium;Sodium"
"PEG Electrolyte Lavage Solution","Polyethylene Glycol 3350;Electrolytes"
"Cu/Vit B12/Ferrous Fum/Folic Acid/Fe Polysaccharid","Copper;Cyanocobalamin;Iron;Folic Acid"
"Lisdexamfetamine Dimesylate","Lisdexamfetamine"
"Calcium/Cholecalciferol","Calcium;Cholecalciferol"
"Aliskiren","Aliskiren"
"Lapatinib Ditosylate","Lapatinib"
"Metformin Hydrochloride/Sitagliptin Phosphate","Metformin;Sitagliptin"
"Retapamulin","Retapamulin"
"Fluticasone Furoate","Fluticasone"
"Bi Subcitrate K/Metronidazole/Tetracycline HCl","Bismuth;Metronidazole;Tetracycline"
"Solution, Multi Ingredient","Multiple Active Ingredients"
"Rotigotine","Rotigotine"
"Levocetirizine Dihydrochloride","Levocetirizine"
"Armodafinil","Armodafinil"
"Ambrisentan","Ambrisentan"
"Magnesium","Magnesium"
"Colestipol Hydrochloride, Micronized","Colestipol"
"Amlodipine Besylate/Valsartan","Amlodipine;Valsartan"
"Rivastigmine","Rivastigmine"
"Maraviroc","Maraviroc"
"Pertussis Vac, Acellular/Reduced Diphtheria Toxoid","Pertussis Vaccine;Diphtheria Toxoid"
"Antipyrine/Benzocaine/Glycerin","Antipyrine;Benzocaine;Glycerin"
"Vit C/Bioflavonoid/Biotin/Cr/Cu/Vit B12/Folic Acid","Ascorbic Acid;Bioflavonoid;Biotin;Chromium;Copper;Cyanocobalamin;Folic Acid"
"Amlodipine Besylate/Olmesartan Medoxomil","Amlodipine;Olmesartan"
"Vit C/Biotin/Cholecalciferol/Vit B12/Folic Acid/Ni","Ascorbic Acid;Biotin;Cholecalciferol;Cyanocobalamin;Folic Acid;Niacin"
"Citric Acid/Potassium Bicarbonate","Citric Acid;Potassium Bicarbonate"
"Raltegravir Potassium","Raltegravir"
"Foam, Multi Ingredient","Multiple Active Ingredients"
"Sevelamer Carbonate","Sevelamer"
"Aconitum napellus/Belladonna/Chamomile/Colchicinum","Aconitum Napellus;Belladonna;Chamomile;Colchicum"
"Nilotinib Hydrochloride","Nilotinib"
"Brimonidine Tartrate/Timolol Maleate","Brimonidine;Timolol"
"Diclofenac Epolamine","Diclofenac"
"Sapropterin Dihydrochloride","Sapropterin"
"Nebivolol Hydrochloride","Nebivolol"
"Pramlintide Acetate","Pramlintide"
"Vit C/Biotin/Cholecalciferol/Cr/Coenzyme Q10/Cu/Vi","Ascorbic Acid;Biotin;Cholecalciferol;Chromium;Coenzyme Q10;Copper;Multiple Vitamins"
"Powder, Multi Ingredient","Multiple Active Ingredients"
"Salicylic Acid;Cleanser","Salicylic Acid"
"Medical Food","Medical Food"
"Aliskiren/Hydrochlorothiazide","Aliskiren;Hydrochlorothiazide"
"Aloe/Hydrocortisone Acetate/Iodoquinol","Aloe;Hydrocortisone;Iodoquinol"
"Niacin/Simvastatin","Niacin;Simvastatin"
"Desvenlafaxine Succinate","Desvenlafaxine"
"Rilonacept","Rilonacept"
"Naproxen Sodium/Sumatriptan Succinate","Naproxen;Sumatriptan"
"DM Hydrobrom/guaiFENesin/Phenyleph HCl","Dextromethorphan;Guaifenesin;Phenylephrine"
"Certolizumab Pegol","Certolizumab"
"Methylnaltrexone Bromide","Naltrexone"
"Vit C/Vit B12/DSS/Folic Acid/Fe","Ascorbic Acid;Cyanocobalamin;Docusate;Folic Acid;Iron"
"Fluticasone Propionate, Micronized","Fluticasone"
"Bifidobacterium breve/Bifidobacterium infantis/Bif","Bifidobacterium Breve;Bifidobacterium Infantis;Bifidobacterium (Unspecified Strain)"
"Metformin Hydrochloride/Repaglinide","Metformin;Repaglinide"
"Difluprednate","Difluprednate"
"Diphtheria Toxoid, Adsorbed/Pertussis Vac, Acellul","Diphtheria Toxoid;Acellular Pertussis Vaccine"
"Insulin Glulisine","Insulin Glulisine"
"Vit C/Biotin/Vit B12/Folic Acid/Vitamin B3/Vit B5/","Ascorbic Acid;Biotin;Cyanocobalamin;Folic Acid;Niacin;Pantothenic Acid"
"Romiplostim","Romiplostim"
"Vit B12/Docosahexaenoic Acid/Eicosapentaenoic Acid","Cyanocobalamin;Docosahexaenoic Acid;Eicosapentaenoic Acid"
"Vit C/Biotin/Cu/Vit B12/DSS/Folic Acid/Fe/Vit E","Ascorbic Acid;Biotin;Copper;Cyanocobalamin;Docusate;Folic Acid;Iron;Vitamin E"
"Granisetron","Granisetron"
"Codeine Phosphate/Pyrilamine Maleate","Codeine;Pyrilamine"
"Azacitidine","Azacitidine"
"Opium","Morphine;Codeine;Thebaine;Papaverine;Noscapine"
"Lacosamide","Lacosamide"
"Fesoterodine Fumarate","Fesoterodine"
"Silodosin","Silodosin"
"Eltrombopag Olamine","Eltrombopag"
"Lanreotide Acetate","Lanreotide"
"Fenofibric Acid","Fenofibric Acid"
"Degarelix Acetate","Degarelix"
"Adapalene/Benzoyl Peroxide","Adapalene;Benzoyl Peroxide"
"Dexlansoprazole","Dexlansoprazole"
"Omeprazole Magnesium","Omeprazole"
"Milnacipran Hydrochloride","Milnacipran"
"Febuxostat","Febuxostat"
"Potassium Nitrate/Sodium Fluoride","Potassium Nitrate;Fluoride"
"Everolimus","Everolimus"
"Vit C/Biotin/Ca/Cholecalciferol/Cu/Vit B12/Folic A","Ascorbic Acid;Biotin;Calcium;Cholecalciferol;Copper;Cyanocobalamin;Folic Acid"
"Alpha Carotene/Vit C/Beta Carotene/Biotin/Cholecal","Alpha Carotene;Ascorbic Acid;Beta Carotene;Biotin;Cholecalciferol"
"Milnacipran Hydrochloride;Milnacipran Hydrochlorid","Milnacipran"
"Golimumab","Golimumab"
"Amylase/Lipase/Protease","Amylase;Lipase;Protease"
"Amlodipine Besylate/Hydrochlorothiazide/Valsartan","Amlodipine;Hydrochlorothiazide;Valsartan"
"Tolvaptan","Tolvaptan"
"Besifloxacin Hydrochloride","Besifloxacin"
"Tapentadol Hydrochloride","Tapentadol"
"Dronedarone Hydrochloride","Dronedarone"
"Succinic Acid;Vit C/Ca Ascorbate/Calcium Threonate","Succinic Acid;Calcium"
"Prasugrel Hydrochloride","Prasugrel"
"Sorafenib Tosylate","Sorafenib"
"Saxagliptin Hydrochloride","Saxagliptin"
"Pitavastatin Calcium","Pitavastatin"
"Morphine Sulfate/Naltrexone Hydrochloride","Morphine;Naltrexone"
"Asenapine","Asenapine"
"Paliperidone Palmitate","Paliperidone"
"diphenhydrAMINE hydrochloride;Lido HCl;Nystatin;Mo","Diphenhydramine;Lidocaine;Nystatin;Mometasone"
"HC Ace/Pramoxine HCl;Pramoxine HCl","Hydrocortisone;Pramoxine"
"Lithium Citrate","Lithium"
"Bepotastine Besilate","Bepotastine"
"Ganciclovir","Ganciclovir"
"Ustekinumab","Ustekinumab"
"Salicylic Acid;Salicylic Acid","Salicylic Acid"
"Amlodipine Besylate/Telmisartan","Amlodipine;Telmisartan"
"Pazopanib Hydrochloride","Pazopanib"
"Brompheniramine Mal/Codeine Phos/PSE HCl","Brompheniramine;Codeine;Pseudoephedrine"
"Tranexamic Acid","Tranexamic Acid"
"Vit C/Biotin/Ca Pantothenate/Vit B12/Ferrous Fum/F","Ascorbic Acid;Biotin;Pantothenic Acid;Cyanocobalamin;Iron"
"Influenza Virus Vaccine (Subvirion)","Influenza Virus Antigens"
"Flavocoxid/Zinc, Chelated","Flavocoxid;Zinc"
"Vit C/Ferrous Fum/Fe Polysaccharide/Vitamin B3","Ascorbic Acid;Iron;Niacin"
"Tocilizumab","Tocilizumab"
"Ca Cl/Na Bicarb/Na Cl/Na Phos, Dibasic/Na Phos, Mo","Calcium;Sodium;Phosphate"
"Dalfampridine","Dalfampridine"
"Liraglutide","Liraglutide"
"Collagenase, Clostridium histolyticum","Collagenase"
"Ritonavir","Ritonavir"
"Meningococcal Polysaccharide Vac Diphtheria Conj","Meningococcal Polysaccharide Conjugate Vaccine"
"Meningococcal Oligosaccharide Vac Diphtheria Conj","Meningococcal Oligosaccharide Conjugate Vaccine"
"Pneumococcal 13-Valent Vaccine, Diphtheria Conjug","Pneumococcal Conjugate Vaccine"
"Levothyroxine Sodium","Levothyroxine"
"Sargramostim","Sargramostim"
"Treprostinil","Treprostinil"
"Capsaicin;Gel, Multi Ingredient","Capsaicin"
"Miconazole","Miconazole"
"Vit B12/Folic Acid/Heme Iron Polypeptide, Bovine/F","Cyanocobalamin;Folic Acid;Iron"
"Esomeprazole Magnesium/Naproxen","Esomeprazole;Naproxen"
"Vit C/Ca/Cholecalciferol/Cu/Vit B12/Folic Acid/Fe/","Ascorbic Acid;Calcium;Cholecalciferol;Copper;Cyanocobalamin;Folic Acid;Iron"
"Aminolevulinic Acid Hydrochloride","Aminolevulinic Acid"
"Gatifloxacin","Gatifloxacin"
"Acyclovir/Hydrocortisone","Acyclovir;Hydrocortisone"
"Denosumab","Denosumab"
"Dutasteride/Tamsulosin Hydrochloride","Dutasteride;Tamsulosin"
"Dienogest/Estradiol Valerate;Dienogest/Estradiol V","Dienogest;Estradiol"
"Buprenorphine","Buprenorphine"
"amLODIPine besylate/hydroCHLOROthiazide/Olmesartan","Amlodipine;Hydrochlorothiazide;Olmesartan"
"Formoterol Fumarate/Mometasone Furoate","Formoterol;Mometasone"
"Vit C/Biotin/Boron/Ca/Ca Pantothenate/Chloride/Cho","Ascorbic Acid;Biotin;Boron;Calcium;Pantothenic Acid;Chloride;Choline"
"Alcaftadine","Alcaftadine"
"Phenylephrine Hydrochloride/Pyrilamine Maleate","Phenylephrine;Pyrilamine"
"Pegloticase","Pegloticase"
"Dextromethorphan Hydrobromide","Dextromethorphan"
"Fingolimod Hydrochloride","Fingolimod"
"Hyaluronate Sodium/Urea","Hyaluronic Acid;Urea"
"Vit C/Ferrous Fum/Folic Acid/Fe Polysaccharide/Vit","Ascorbic Acid;Iron;Folic Acid"
"Calcium/Cholecalciferol/Sodium","Calcium;Cholecalciferol;Sodium"
"Dabigatran Etexilate Mesylate","Dabigatran"
"Docetaxel","Docetaxel"
"Levomefolate Ca/Methylcobalamin/Pyridoxal Phos","Levomefolic Acid;Methylvitamin B12;Pyridoxal Phosphate"
"Levomefolate Calcium","Levomefolate"
"Lurasidone Hydrochloride","Lurasidone"
"Ceftaroline Fosamil","Ceftaroline"
"Dextromethorphan Hydrobromide/Quinidine Sulfate","Dextromethorphan;Quinidine"
"Metformin Hydrochloride/Saxagliptin Hydrochloride","Metformin;Saxagliptin"
"Vit C/Biotin/Ca Pantothenate/Cholecalciferol/Folic","Ascorbic Acid;Biotin;Pantothenic Acid;Cholecalciferol;Folic Acid"
"diphenhydrAMINE hydrochloride;HC;Nystatin;Tetracyc","Diphenhydramine;Hydrocortisone;Nystatin;Tetracycline"
"Etravirine","Etravirine"
"Spinosad","Spinosad"
"Hyoscyamine Sulf/Methenamine/Methylene Blue/Na Pho","Hyoscyamine;Methenamine;Methylene Blue;Phosphate"
"Resveratrol","Resveratrol"
"Azilsartan Medoxomil","Azilsartan"
"Roflumilast","Roflumilast"
"Gabapentin Enacarbil","Gabapentin"
"Vandetanib","Vandetanib"
"Famotidine/Ibuprofen","Famotidine;Ibuprofen"
"Abiraterone Acetate","Abiraterone"
"Linagliptin","Linagliptin"
"Aloe/Policosanol;HC Ace/Pramoxine HCl;Medical Food","Aloe;Policosanol;Hydrocortisone;Pramoxine"
"Rilpivirine Hydrochloride","Rilpivirine"
"Vilazodone Hydrochloride","Vilazodone"
"Rivaroxaban","Rivaroxaban"
"Fidaxomicin","Fidaxomicin"
"Vit C/Biotin/Boron/Ca/Chloride/Cholecalciferol/Cr/","Ascorbic Acid;Biotin;Boron;Calcium;Chloride;Cholecalciferol;Chromium"
"Neostigmine Methylsulfate","Neostigmine"
"Cough/Cold Combination","Multiple Active Ingredients"
"Belatacept","Belatacept"
"Indacaterol Maleate","Indacaterol"
"Dextrose/Levofloxacin","Dextrose;Levofloxacin"
"Ezogabine","Ezogabine"
"Ticagrelor","Ticagrelor"
"Acetylcysteine/Levomefolate Ca/Methylcobalamin","Acetylcysteine;Levomefolic Acid;Methylvitamin B12"
"Emtricitabine/Rilpivirine Hydrochloride/Tenofovir","Emtricitabine;Rilpivirine;Tenofovir"
"Vemurafenib","Vemurafenib"
"Icatibant Acetate","Icatibant"
"Crizotinib","Crizotinib"
"Cholecalciferol/Vit B12/Docosahexaenoic Acid/Eicos","Cholecalciferol;Cyanocobalamin;Docosahexaenoic Acid;Eicosapentaenoic Acid"
"Codeine Phos/Dexbrompheniramine Maleate/PSE HCl","Codeine;Dexbrompheniramine;Pseudoephedrine"
"Ruxolitinib Phosphate","Ruxolitinib"
"Gabapentin;Gabapentin","Gabapentin"
"Al Hydroxide/Mg Hydroxide/Simethicone;Diphenhydram","Aluminum;Magnesium Hydroxide;Simethicone;Diphenhydramine"
"Vit B12/Vitamin B3/Vit B5/Vit B6/Vit B2/Vit B1","Cyanocobalamin;Niacin;Pantothenic Acid;Pyridoxine;Riboflavin;Thiamine"
"Chlorcyclizine HCl/PSE HCl","Chlorcyclizine;Pseudoephedrine"
"Azilsartan Medoxomil/Chlorthalidone","Azilsartan;Chlorthalidone"
"Ingenol Mebutate","Ingenol"
"Cream, Multi Ingredient;Gel, Multi Ingredient","Multiple Active Ingredients"
"Axitinib","Axitinib"
"Vismodegib","Vismodegib"
"Linagliptin/Metformin Hydrochloride","Linagliptin;Metformin"
"Sennosides","Sennosides"
"Tafluprost","Tafluprost"
"Anthralin","Anthralin"
"Sodium Chloride/Vancomycin Hydrochloride","Sodium;Vancomycin"
"Bifidobacterium infantis","Bifidobacterium Infantis"
"Vilazodone HCl;Vilazodone HCl;Vilazodone HCl","Vilazodone"
"Avanafil","Avanafil"
"Azelastine Hydrochloride/Fluticasone Propionate","Azelastine;Fluticasone"
"Amoxicillin;Clarithromycin;Omeprazole","Amoxicillin;Clarithromycin;Omeprazole"
"Oxacillin Sodium","Oxacillin"
"Ascorbic Acid/Cyanocobalamin/Folic Acid/Iron","Ascorbic Acid;Cyanocobalamin;Folic Acid;Iron"
"Capsaicin/Menthol","Capsaicin;Menthol"
"Lorcaserin Hydrochloride","Lorcaserin"
"Mirabegron","Mirabegron"
"Butylated Hydroxytoluene/C30-45 Alkyl Cetearyl Dim","Butylated Hydroxytoluene;C30-45 Alkyl Cetearyl Dimethicone Crosspolymer"
"Phentermine Hydrochloride/Topiramate","Phentermine;Topiramate"
"Citric Acid/Magnesium Oxide/Sodium Picosulfate","Citric Acid;Magnesium Oxide;Picosulfate"
"Aclidinium Bromide","Aclidinium"
"Diosmin/Mg Hydroxide/K Cl/K Hydroxide","Diosmin;Magnesium Hydroxide;Potassium Chloride;Potassium"
"Icosapent Ethyl","Eicosapentaenoic Acid"
"Cobicistat/Elvitegravir/Emtricitabine/Tenofovir Di","Cobicistat;Elvitegravir;Emtricitabine;Tenofovir"
"Enzalutamide","Enzalutamide"
"Linaclotide","Linaclotide"
"Bosutinib","Bosutinib"
"Teriflunomide","Teriflunomide"
"Omega-3 Fatty Acids","Omega-3 Fatty Acids"
"Regorafenib","Regorafenib"
"Perampanel","Perampanel"
"Copper/Folic Acid/Niacin/Zinc","Copper;Folic Acid;Niacin;Zinc"
"Vit C/Biotin/Vit B12/DSS/Folic Acid/Fe","Ascorbic Acid;Biotin;Cyanocobalamin;Docusate;Folic Acid;Iron"
"Magnesium Sulfate/Potassium Sulfate/Sodium Sulfate","Magnesium Sulfate;Potassium Sulfate;Sulfate"
"Tofacitinib Citrate","Tofacitinib"
"Darunavir Ethanolate","Darunavir"
"Sulfacetamide Na/Sulfur;Cleanser and Moisturizer","Sulfacetamide;Sulfur"
"Fluocinolone Acetonide;Cream, Multi Ingredient","Fluocinolone"
"Apixaban","Apixaban"
"Capsaicin/Lidocaine/Menthol/Methyl Salicylate","Capsaicin;Lidocaine;Menthol;Methyl Salicylate"
"Influenza Virus Vaccine Recombinant","Influenza Virus Recombinant Vaccine"
"Oxyquinoline Sulfate/Sodium Lauryl Sulfate","Oxyquinoline;Sodium Lauryl Sulfate"
"Alogliptin Benzoate","Alogliptin"
"Alogliptin Benzoate/Metformin Hydrochloride","Alogliptin;Metformin"
"Alogliptin Benzoate/Pioglitazone Hydrochloride","Alogliptin;Pioglitazone"
"Ubiquinol","Ubiquinol"
"Cyanocobalamin/Levomefolate Calcium/Pyridoxine","Cyanocobalamin;Levomefolate;Pyridoxine"
"Pomalidomide","Pomalidomide"
"Ospemifene","Ospemifene"
"L-Methylfolate/Schizochytrium","Folate;Schizochytrium"
"L-Methylfolate/Methylcobalamin/Pyridoxal Phos/Schizochytrium","Folate;Methylvitamin B12;Pyridoxal Phosphate;Schizochytrium"
"Insulin Degludec","Insulin Degludec"
"Electrolytes and Minerals;PEG Electrolyte Lavage S","Electrolytes;Polyethylene Glycol"
"Dimethyl Fumarate","Dimethyl Fumarate"
"Dimethyl Fumarate;Dimethyl Fumarate","Dimethyl Fumarate"
"Canagliflozin","Canagliflozin"
"Bromfenac Sodium","Bromfenac"
"Vit B Complex","Vitamin B Complex"
"Acetylcysteine/Levomefolate Ca/Methylcobalamin/Sch","Acetylcysteine;Levomefolate;Methylvitamin B12;Schizochytrium"
"Levomefolate Calcium/Schizochytrium","Levomefolate;Schizochytrium"
"Memantine HCl;Memantine HCl;Memantine HCl;Memantine HCl","Memantine"
"Brimonidine Tartrate/Brinzolamide","Brimonidine;Brinzolamide"
"Lidocaine/Menthol","Lidocaine;Menthol"
"Leptospermum Honey","Leptospermum Honey"
"Fluticasone Furoate/Vilanterol Trifenatate","Fluticasone;Vilanterol"
"Erlotinib Hydrochloride","Erlotinib"
"Dabrafenib Mesylate","Dabrafenib"
"Trametinib Dimethyl Sulfoxide","Trametinib"
"Influenza Virus Vaccine, Inactivated","Influenza Virus Vaccine"
"Desvenlafaxine","Desvenlafaxine"
"Afatinib Dimaleate","Afatinib"
"Tbo-Filgrastim","Filgrastim"
"Levomilnacipran Hydrochloride","Levomilnacipran"
"Ferric Carboxymaltose","Ferric Carboxymaltose"
"Immune Globulin Bovine","Immune Globulin"
"Acamprosate Calcium","Acamprosate"
"Dolutegravir Sodium","Dolutegravir"
"Esomeprazole Strontium","Esomeprazole"
"Mechlorethamine Hydrochloride","Mechlorethamine"
"Vortioxetine Hydrobromide","Vortioxetine"
"Bazedoxifene Acetate/Conjugated Estrogens","Bazedoxifene;Conjugated Estrogens"
"Mifepristone","Mifepristone"
"Riociguat","Riociguat"
"Methotrexate","Methotrexate"
"Macitentan","Macitentan"
"Diclofenac","Diclofenac"
"Hydrocodone Bitartrate","Hydrocodone"
"Doxylamine Succinate/Phenylephrine Hydrochloride","Doxylamine;Phenylephrine"
"Ibrutinib","Ibrutinib"
"Hydrocortisone Acetate/Iodoquinol","Hydrocortisone;Iodoquinol"
"Eslicarbazepine Acetate","Eslicarbazepine"
"Meningococcal Vaccine, Group B","Meningococcal Vaccine"
"Luliconazole","Luliconazole"
"Simeprevir","Simeprevir"
"Sofosbuvir","Sofosbuvir"
"Sucroferric Oxyhydroxide","Ferric Oxyhydroxide"
"Clioquinol/Hydrocortisone;Gel, Multi Ingredient","Clioquinol;Hydrocortisone"
"Vit C/Biotin/Cu Oxide/Vit B12/DSS/Folic Acid/Fe","Ascorbic Acid;Biotin;Cupric Oxide;Cyanocobalamin;Docusate;Folic Acid;Iron"
"Umeclidinium Bromide/Vilanterol Trifenatate","Umeclidinium;Vilanterol"
"Dapagliflozin Propanediol","Dapagliflozin"
"Glatiramer Acetate","Glatiramer"
"Tasimelteon","Tasimelteon"
"Droxidopa","Droxidopa"
"Ca Phos, Tribasic/Cholecalciferol/Dicalcium Malate","Calcium;Cholecalciferol"
"Vit C/Cu/Folic Acid/Mg/Niacinamide/Vit B6/Thioctic","Ascorbic Acid;Copper;Folic Acid;Magnesium;Niacinamide;Pyridoxine;Alpha-Lipoic Acid"
"Vancomycin HCl;Solution, Multi Ingredient","Vancomycin"
"Apremilast","Apremilast"
"Apremilast;Apremilast;Apremilast","Apremilast"
"Albiglutide","Albiglutide"
"Cyclobenzaprine HCl;Cream, Multi Ingredient","Cyclobenzaprine"
"Ketoprofen;Cream, Multi Ingredient","Ketoprofen"
"Umeclidinium","Umeclidinium"
"Vorapaxar","Vorapaxar"
"Canagliflozin/Metformin Hydrochloride","Canagliflozin;Metformin"
"Vedolizumab","Vedolizumab"
"Dalbavancin","Dalbavancin"
"Efinaconazole","Efinaconazole"
"Buprenorphine/Naloxone","Buprenorphine;Naloxone"
"Tedizolid Phosphate","Tedizolid"
"Methoxsalen","Methoxsalen"
"Empagliflozin","Empagliflozin"
"Insulin Human Inhaled","Human Insulin"
"Tavaborole","Tavaborole"
"Brompheniramine Mal/Codeine Phos/Phenyleph HCl","Brompheniramine;Codeine;Phenylephrine"
"Idelalisib","Idelalisib"
"Forskohlii/HC Ace/Lido HCl","Forskolin;Hydrocortisone;Lidocaine"
"Olodaterol","Olodaterol"
"Suvorexant","Suvorexant"
"Peginterferon Beta-1a","Interferon Beta-1a"
"Abacavir/Dolutegravir/Lamivudine","Abacavir;Dolutegravir;Lamivudine"
"Ferric Citrate","Iron"
"Bupropion Hydrochloride/Naltrexone Hydrochloride","Bupropion;Naltrexone"
"Naloxegol","Naloxegol"
"Dulaglutide","Dulaglutide"
"Pegvisomant","Pegvisomant"
"Peginterferon Beta-1a;Peginterferon Beta-1a","Interferon Beta-1a"
"Ledipasvir/Sofosbuvir","Ledipasvir;Sofosbuvir"
"Netupitant/Palonosetron","Netupitant;Palonosetron"
"Rivaroxaban;Rivaroxaban","Rivaroxaban"
"Nintedanib","Nintedanib"
"Pirfenidone","Pirfenidone"
"Codeine Phos/Dexchlorpheniramine Mal/Phenyleph HCl","Codeine;Dexchlorpheniramine;Phenylephrine"
"Vit C/Vit B12/DSS/Folic Acid/Fe/Succinic Acid/Zinc","Ascorbic Acid;Cyanocobalamin;Docusate;Folic Acid;Iron;Succinic Acid;Zinc"
"Dapagliflozin Propanediol/Metformin Hydrochloride","Dapagliflozin;Metformin"
"Insulin Degludec/Liraglutide","Insulin Degludec;Liraglutide"
"Cobicistat/Darunavir","Cobicistat;Darunavir"
"Olaparib","Olaparib"
"Dasabuvir;Ombitasvir/Paritaprevir/Ritonavir","Dasabuvir;Ombitasvir;Paritaprevir;Ritonavir"
"Cyanocobalamin/Salcaprozate Sodium","Cyanocobalamin;Salcaprozate"
"Edoxaban","Edoxaban"
"Secukinumab","Secukinumab"
"Amlodipine/Perindopril Arginine","Amlodipine;Perindopril"
"Pembrolizumab","Pembrolizumab"
"Empagliflozin/Linagliptin","Empagliflozin;Linagliptin"
"Palbociclib","Palbociclib"
"Amphetamine Sulfate","Amphetamine"
"Lenvatinib","Lenvatinib"
"Lenvatinib;Lenvatinib","Lenvatinib"
"Avibactam/Ceftazidime","Avibactam;Ceftazidime"
"Vit C/Ascorbyl Palmitate/Bioflavonoid/Biotin/Ca As","Ascorbic Acid;Ascorbyl Palmitate;Bioflavonoids;Biotin;Calcium"
"Isavuconazonium Sulfate","Isavuconazole"
"Vit C/Ascorbyl Palmitate/Bioflavonoid/Ca Ascorbate","Ascorbic Acid;Ascorbyl Palmitate;Bioflavonoids;Calcium"
"Lidocaine/Menthol/Methyl Salicylate","Lidocaine;Menthol;Methyl Salicylate"
"Filgrastim-sndz","Filgrastim"
"Safinamide","Safinamide"
"Ivabradine","Ivabradine"
"Lactobacillus rhamnosus GG","Lactobacillus Rhamnosus Gg"
"Ascorbic Acid/Inulin/Lactobacillus rhamnosus GG","Ascorbic Acid;Inulin;Lactobacillus Rhamnosus Gg"
"Olodaterol/Tiotropium Bromide","Olodaterol;Tiotropium"
"Castor Oil/Peru Balsam","Castor Oil;Peru Balsam"
"Eluxadoline","Eluxadoline"
"Sacubitril/Valsartan","Sacubitrilat;Valsartan"
"Brexpiprazole","Brexpiprazole"
"p-Phenolsulfonic Acid/Sulfuric Acid","Phenolsulfonic Acid;Sulfuric Acid"
"Alirocumab","Alirocumab"
"Sonidegib","Sonidegib"
"Daclatasvir","Daclatasvir"
"Capsaicin;Diclofenac Sodium","Capsaicin;Diclofenac"
"Evolocumab","Evolocumab"
"Lidocaine;Prilocaine;Cream Base","Lidocaine;Prilocaine"
"Empagliflozin/Metformin Hydrochloride","Empagliflozin;Metformin"
"Rolapitant","Rolapitant"
"Cariprazine","Cariprazine"
"Tipiracil/Trifluridine","Tipiracil;Trifluridine"
"Cholecalciferol/Folic Acid","Cholecalciferol;Folic Acid"
"Vilazodone Hydrochloride;Vilazodone Hydrochloride","Vilazodone"
"Polyureaurethane","Polyureaurethane"
"K Phos, Monobasic/Na Phos, Dibasic/Na Phos, Monoba","Potassium Phosphate;Phosphate"
"Colloidal Sulfur/Sulfacetamide Sodium","Sulfur;Sulfacetamide"
"Patiromer","Patiromer"
"Glycopyrrolate/Indacaterol","Glycopyrrolate;Indacaterol"
"Mepolizumab","Mepolizumab"
"Cobicistat/Elvitegravir/Emtricitabine/Tenofovir Al","Cobicistat;Elvitegravir;Emtricitabine;Tenofovir"
"Cobimetinib","Cobimetinib"
"Osimertinib","Osimertinib"
"Daratumumab","Daratumumab"
"Ixazomib","Ixazomib"
"Influenza Virus Vaccine, Adjuvanted","Influenza Virus Vaccine"
"Alectinib","Alectinib"
"Selexipag","Selexipag"
"Lesinurad","Lesinurad"
"Selexipag;Selexipag","Selexipag"
"Chlorhexidine Gluconate;Dimethicone;Mupirocin","Chlorhexidine;Dimethicone;Mupirocin"
"Dofetilide","Dofetilide"
"Bicarbonates/Calcium/Chloride/Phosphate/Sodium","Bicarbonate;Calcium;Chloride;Phosphate;Sodium"
"Elbasvir/Grazoprevir","Elbasvir;Grazoprevir"
"Brivaracetam","Brivaracetam"
"Barium Sulfate","Barium Sulfate"
"Emtricitabine/Rilpivirine/Tenofovir Alafenamide","Emtricitabine;Rilpivirine;Tenofovir"
"Chlophedianol HCl/Dexbrompheniramine Maleate","Chlophedianol;Dexbrompheniramine"
"Vit C/Biotin/Vit B12/Folic Acid/Fe/Lactobacillus c","Ascorbic Acid;Biotin;Cyanocobalamin;Folic Acid;Iron;Lactobacillus"
"Ixekizumab","Ixekizumab"
"Amphetamine","Amphetamine"
"Emtricitabine/Tenofovir Alafenamide","Emtricitabine;Tenofovir"
"Infliximab-dyyb","Infliximab"
"Venetoclax","Venetoclax"
"Venetoclax;Venetoclax;Venetoclax","Venetoclax"
"Cholecalciferol/Vitamin E","Cholecalciferol;Vitamin E"
"Glucosamine Sulfate Potassium","Glucosamine"
"Emollient","Emollient"
"Cabozantinib Malate","Cabozantinib"
"Formoterol Fumarate/Glycopyrrolate","Formoterol;Glycopyrrolate"
"Oxycodone","Oxycodone"
"Pimavanserin","Pimavanserin"
"Diclofenac Na;Lido/Prilocaine;raNITIdine hydrochlo","Diclofenac;Lidocaine;Prilocaine;Ranitidine"
"Ciprofloxacin Hydrochloride/Fluocinolone Acetonide","Ciprofloxacin;Fluocinolone"
"Haemophilus B Conjugate Vaccine/Tetanus Toxoid","Haemophilus B Vaccine;Tetanus Toxoid"
"Calcifediol","Calcifediol"
"Sofosbuvir/Velpatasvir","Sofosbuvir;Velpatasvir"
"Opicapone","Opicapone"
"Lifitegrast","Lifitegrast"
"Docusate Sodium/Sennosides","Docusate;Sennosides"
"5-Methyltetrahydrofolic Acid/Vit B12/Glucosamine H","5-Methyltetrahydrofolic Acid;Cyanocobalamin;Glucosamine"
"Guaifenesin/Phenylephrine Hydrochloride","Guaifenesin;Phenylephrine"
"Aspirin/Omeprazole","Acetylsalicylic Acid;Omeprazole"
"Vit C/Ca Pantothenate/Cu/Vit B12/Folic Acid/Fe/Mg/","Ascorbic Acid;Calcium Pantothenate;Copper;Cyanocobalamin;Folic Acid;Iron;Magnesium"
"Donepezil Hydrochloride/Memantine Hydrochloride","Donepezil;Memantine"
"Benzoyl Peroxide;Erythromycin","Benzoyl Peroxide;Erythromycin"
"Levothyroxine Sodium/Liothyronine Sodium","Levothyroxine;Liothyronine"
"Donepezil HCl/Memantine HCl;Donepezil HCl/Memantin","Donepezil;Memantine"
"Tenofovir Alafenamide","Tenofovir"
"Prasterone","Prasterone"
"Insulin Glargine, Recombinant/Lixisenatide","Insulin;Lixisenatide"
"Budesonide, Micronized","Budesonide"
"Crisaborole","Crisaborole"
"Rucaparib","Rucaparib"
"Vit C/Vit B12/Ferrous Asparto Glycinate/Folic Acid","Ascorbic Acid;Cyanocobalamin;Iron;Folic Acid"
"Oxymetazoline Hydrochloride","Oxymetazoline"
"Plecanatide","Plecanatide"
"Brodalumab","Brodalumab"
"Dapagliflozin/sAXagliptin","Dapagliflozin;Saxagliptin"
"Ribociclib","Ribociclib"
"Naldemedine","Naldemedine"
"Niraparib","Niraparib"
"Dupilumab","Dupilumab"
"Vit C/Cholecalciferol/Coenzyme Q10/Vit B12/Disodiu","Ascorbic Acid;Cholecalciferol;Coenzyme Q10;Cyanocobalamin"
"Deutetrabenazine","Deutetrabenazine"
"Sarilumab","Sarilumab"
"Valbenazine","Valbenazine"
"Baricitinib","Baricitinib"
"Hypochlorous Acid","Hypochlorous Acid"
"Abaloparatide","Abaloparatide"
"Edaravone","Edaravone"
"Guselkumab","Guselkumab"
"Pitavastatin","Pitavastatin"
"Sofosbuvir/Velpatasvir/Voxilaprevir","Sofosbuvir;Velpatasvir;Voxilaprevir"
"Enasidenib","Enasidenib"
"Glecaprevir/Pibrentasvir","Glecaprevir;Pibrentasvir"
"Fluticasone Furoate/Umeclidinium/Vilanterol","Fluticasone;Umeclidinium;Vilanterol"
"Cobicistat/Darunavir/Emtricitabine/Tenofovir Alafe","Cobicistat;Darunavir;Emtricitabine;Tenofovir"
"Abemaciclib","Abemaciclib"
"Acalabrutinib","Acalabrutinib"
"Latanoprostene Bunod","Latanoprost"
"Letermovir","Letermovir"
"Benralizumab","Benralizumab"
"Hepatitis B Vaccine Recombinant, Adjuvanted","Hepatitis B Surface Antigen"
"Zoster Vaccine Recombinant, Adjuvanted","Varicella Zoster Virus Glycoprotein E"
"Dolutegravir/Rilpivirine","Dolutegravir;Rilpivirine"
"Semaglutide","Semaglutide"
"Netarsudil","Netarsudil"
"Ertugliflozin","Ertugliflozin"
"Bictegravir/Emtricitabine/Tenofovir Alafenamide","Bictegravir;Emtricitabine;Tenofovir"
"Zoster Vaccine, Live","Live Zoster Virus"
"Apalutamide","Apalutamide"
"Tildrakizumab-asmn","Tildrakizumab"
"APAP/Chlorpheniramine Mal/Phenyleph HCl","Acetaminophen;Chlorpheniramine;Phenylephrine"
"Fostamatinib","Fostamatinib"
"Adalimumab;Adalimumab","Adalimumab"
"Tolvaptan;Tolvaptan","Tolvaptan"
"Epoetin Alfa-epbx","Epoetin Alfa"
"Erenumab-aooe","Erenumab"
"Sodium Zirconium Cyclosilicate","Zirconium Cyclosilicate"
"Avatrombopag","Avatrombopag"
"Pegfilgrastim-jmdb","Pegfilgrastim"
"Encorafenib","Encorafenib"
"Binimetinib","Binimetinib"
"IncobotulinumtoxinA","Incobotulinumtoxin A"
"Ivosidenib","Ivosidenib"
"Polyethylene Glycol 3350/K Cl/Na Cl;Polyethylene G","Polyethylene Glycol;Potassium;Sodium"
"Cenegermin-bkbj","Cenegermin"
"Doravirine","Doravirine"
"buPROPion hydrobromide","Bupropion"
"Fremanezumab-vfrm","Fremanezumab"
"Galcanezumab-gnlm","Galcanezumab"
"Amikacin Liposome","Amikacin"
"Omadacycline","Omadacycline"
"Immune Globulin-ifas","Immune Globulin"
"Baloxavir Marboxil","Baloxavir"
"Revefenacin","Revefenacin"
"Larotrectinib","Larotrectinib"
"Coenzyme Q10/Vit B12/Folic Acid/Vit B6/Vit B1/Thio","Coenzyme Q10;Cyanocobalamin;Folic Acid;Pyridoxine;Thiamine;Thioctic Acid"
"Amifampridine","Amifampridine"
"Prucalopride","Prucalopride"
"Levodopa","Levodopa"
"Esketamine","Esketamine"
"Latanoprost/Netarsudil","Latanoprost;Netarsudil"
"Solriamfetol","Solriamfetol"
"Siponimod","Siponimod"
"Dolutegravir/lamiVUDine","Dolutegravir;Lamivudine"
"Romosozumab-aqqg","Romosozumab"
"Risankizumab-rzaa","Risankizumab"
"Halobetasol Propionate/Tazarotene","Halobetasol;Tazarotene"
"Tafamidis Meglumine","Tafamidis"
"Tafamidis","Tafamidis"
"Bifidobacterium lactis/Lactobacillus Acidophilus","Bifidobacterium Lactis;Lactobacillus Acidophilus"
"Alpelisib","Alpelisib"
"Glucagon","Glucagon"
"Darolutamide","Darolutamide"
"Pitolisant","Pitolisant"
"Upadacitinib","Upadacitinib"
"Istradefylline","Istradefylline"
"Lasmiditan","Lasmiditan"
"Diroximel Fumarate","Diroximel Fumarate"
"Amoxicillin/Omeprazole Magnesium/Rifabutin","Amoxicillin;Omeprazole;Rifabutin"
"Zanubrutinib","Zanubrutinib"
"Pegfilgrastim-bmez","Pegfilgrastim"
"Cenobamate","Cenobamate"
"Lemborexant","Lemborexant"
"Ubrogepant","Ubrogepant"
"Testosterone Undecanoate","Testosterone"
"Lumateperone","Lumateperone"
"Tazemetostat","Tazemetostat"
"Bempedoic Acid","Bempedoic Acid"
"Eptinezumab-jjmr","Eptinezumab"
"Bempedoic Acid/Ezetimibe","Bempedoic Acid;Ezetimibe"
"Rimegepant","Rimegepant"
"Cenobamate;Cenobamate","Cenobamate"
"Vit C/Ca Carbonate/Cholecalciferol/Cu/Vit B12/Ferr","Ascorbic Acid;Calcium;Cholecalciferol;Copper;Cyanocobalamin;Iron"
"Tucatinib","Tucatinib"
"Meningococcal Vac, Tetanus Conjugate, Quadrivalent","Meningococcal Vaccine;Tetanus Toxoid"
"Daratumumab/Hyaluronidase-fihj","Daratumumab;Hyaluronidase"
"Fosnetupitant/Palonosetron","Fosnetupitant;Palonosetron"
"Pegfilgrastim-apgf","Pegfilgrastim"
"Insulin Lispro-aabc, Recombinant","Insulin Lispro"
"Fostemsavir","Fostemsavir"
"Cedazuridine/Decitabine","Cedazuridine;Decitabine"
"Budesonide/Formoterol Fumarate/Glycopyrrolate","Budesonide;Formoterol;Glycopyrrolate"
"Mg Sulf/K Cl/Na Sulf","Magnesium;Potassium;Sodium"
"Tirbanibulin","Tirbanibulin"
"SARS-COV-2 (COVID-19) Vaccine, mRNA (Pfizer)","Covid-19 Vaccine (Pfizer)"
"SARS-COV-2 (COVID-19) Vaccine, mRNA (Moderna)","Covid-19 Vaccine (Moderna)"
"Dexbrompheniramine Maleate/Phenyleph HCl","Dexbrompheniramine;Phenylephrine"
"Relugolix","Relugolix"
"Vibegron","Vibegron"
"Vericiguat","Vericiguat"
"COVID-19 Vaccine, Adenovirus 26 Vector (Janssen)","Covid-19 Vaccine (Janssen)"
"Tivozanib","Tivozanib"
"Pneumococcal 20-Valent Vaccine, Diphtheria Conjuga","Pneumococcal Vaccine (20-Valent);Diphtheria Toxoid"
"Novavax COVID-19 Vaccine, Adjuvanted","Covid-19 Vaccine (Novavax)"
"Finerenone","Finerenone"
"Pneumococcal 15-Valent Vaccine, Diphtheria Conjuga","Pneumococcal Vaccine (15-Valent);Diphtheria Toxoid"
"Insulin Glargine-yfgn, Recombinant","Insulin"
"Ruxolitinib","Ruxolitinib"
"Atogepant","Atogepant"
"Celecoxib/traMADol hydrochloride","Celecoxib;Tramadol"
"Molnupiravir","Molnupiravir"
"Tezepelumab-ekko","Tezepelumab"
"Nirmatrelvir;Ritonavir","Nirmatrelvir;Ritonavir"
"Tralokinumab-ldrm","Tralokinumab"
"Daridorexant","Daridorexant"
"Mometasone Furoate/Olopatadine Hydrochloride","Mometasone;Olopatadine"
"Abrocitinib","Abrocitinib"
"Donepezil","Donepezil"
"Tapinarof","Tapinarof"
"Mavacamten","Mavacamten"
"Tirzepatide","Tirzepatide"
"Treprostinil;Treprostinil;Treprostinil","Treprostinil"
"Vutrisiran","Vutrisiran"
"COVID-19 Vaccine, mRNA Bivalent (Pfizer)","Covid-19 Vaccine (Pfizer, Bivalent)"
"COVID-19 Vaccine, mRNA Bivalent (Moderna)","Covid-19 Vaccine (Moderna, Bivalent)"
"buPROPion hydrochloride/DM Hydrobrom","Bupropion;Dextromethorphan"
"Sodium Phenylbutyrate/Taurursodiol","Phenylbutyrate;Taurursodiol"
"Furosemide;Isopropyl Alcohol","Furosemide;Isopropyl Alcohol"
"Pegcetacoplan","Pegcetacoplan"
"Sotorasib","Sotorasib"
"Zavegepant","Zavegepant"
"Adalimumab-adaz","Adalimumab"
"Aflibercept","Aflibercept"
"Fecal Microbiota Spores, Live-brpk","Fecal Microbiota Spores"
"Respiratory Syncytial Virus Vaccine, Adjuvanted","Respiratory Syncytial Virus Vaccine (Adjuvanted)"
"Fezolinetant","Fezolinetant"
"Perfluorohexyloctane","Perfluorohexyloctane"
"Respiratory Syncytial Virus Vaccine","Respiratory Syncytial Virus Vaccine"
"Lotilaner","Lotilaner"
"Capivasertib","Capivasertib"